algorithm,length,ticks_per_second,total_ticks,robots,arena_size,seed,arena_type,maze_width,maze_height,scatter_size,scatter_density,num_agents,reached_count,reached_ratio,mean_time_sec,fastest_time_sec,slowest_time_sec,total_distance,obstacles_count,run_id
flood_fill,1,2,2,9,10.0,76502,scatter,10,10,1.0401599220654083,0.39759178408641305,9,0,0.0,0,0,0,0.5508416623200366,26,294
projet,1,2,2,9,10.0,66004,scatter,10,10,1.0928488607538027,0.01744451707920039,9,0,0.0,0,0,0,0.13787031922053397,5,223
aco,1,2,2,3,10.0,1693,scatter,10,10,1.985563452072213,0.1894329324155138,3,0,0.0,0,0,0,0.2022859338870452,9,314
projet,1,2,2,7,10.0,8736,scatter,10,10,1.8643288121824617,0.31463773484215163,7,0,0.0,0,0,0,0.1285752026072794,10,6
pso,1,2,2,9,10.0,17605,scatter,10,10,1.2089129761821613,0.7214826100737602,9,0,0.0,0,0,0,0.12550916620913774,22,459
flood_fill,1,2,2,4,10.0,87313,scatter,10,10,1.1129711020623103,0.760506648039323,4,0,0.0,0,0,0,0.25019584380201054,24,59
pso,1,2,2,9,10.0,34164,scatter,10,10,1.5206363153160634,0.8380258535311214,9,0,0.0,0,0,0,0.14373547434527112,15,201
pso,1,2,2,8,10.0,53412,scatter,10,10,1.5692958920142552,0.014716757046630407,8,0,0.0,0,0,0,0.15503491760819613,5,343
coverage,1,2,2,1,10.0,14867,scatter,10,10,1.6477088746088044,0.7086577912123591,1,0,0.0,0,0,0,0.042265553787924785,13,444
flood_fill,1,2,2,6,10.0,42969,scatter,10,10,1.425703710405829,0.08688102733027857,6,0,0.0,0,0,0,0.43815335423343105,8,216
aco,1,2,2,2,10.0,60954,scatter,10,10,1.4222467092227131,0.15869223560276968,2,0,0.0,0,0,0,0.14866178952421516,12,284
aco,1,2,2,10,10.0,7885,scatter,10,10,1.4701903008964265,0.2504899778399283,10,0,0.0,0,0,0,0.540094780583775,15,388
projet,1,2,2,5,10.0,80956,scatter,10,10,1.6365396899111186,0.30049373467292645,5,0,0.0,0,0,0,0.06393878526840052,13,243
pso,1,2,2,7,10.0,41050,scatter,10,10,1.2173470872512642,0.49225698867365464,7,0,0.0,0,0,0,0.10703834779452276,19,113
pso,1,2,2,1,10.0,68125,scatter,10,10,1.570071643192427,0.07556074944472525,1,0,0.0,0,0,0,0.001152556289297006,7,45
pso,1,2,2,2,10.0,93304,scatter,10,10,1.114300942212527,0.2136369489838562,2,0,0.0,0,0,0,0.018143109193866257,21,219
pso,1,2,2,6,10.0,48404,scatter,10,10,0.7265612386059261,0.47957849273459885,6,0,0.0,0,0,0,0.10554623238497529,54,418
coverage,1,2,2,8,10.0,88243,scatter,10,10,1.926015462388762,0.2533236428372464,8,0,0.0,0,0,0,0.4838998226771363,9,276
flood_fill,1,2,2,3,10.0,63341,scatter,10,10,0.4755429694510075,0.0659217466444301,3,0,0.0,0,0,0,0.1954136940649044,33,121
aco,1,2,2,5,10.0,9471,scatter,10,10,1.5370903144574104,0.08887452219192649,5,0,0.0,0,0,0,0.31879489206795536,8,0
coverage,1,2,2,8,10.0,39460,scatter,10,10,1.0953992104428145,0.3623167539454432,8,0,0.0,0,0,0,0.3381206553811056,24,147
flood_fill,1,2,2,10,10.0,47711,scatter,10,10,0.4333884509824907,0.48569773873652317,10,0,0.0,0,0,0,0.4178243113024651,151,117
coverage,1,2,2,4,10.0,75013,scatter,10,10,0.4236003338380143,0.22314281477962744,4,0,0.0,0,0,0,0.12133999490146027,128,469
coverage,1,2,2,3,10.0,8658,scatter,10,10,1.6707850916321574,0.09862460195440492,3,0,0.0,0,0,0,0.10434844775574158,8,480
projet,1,2,2,8,10.0,203,scatter,10,10,1.9031095061484253,0.13291309987815636,8,0,0.0,0,0,0,0.11344295234987184,8,291
aco,1,2,2,10,10.0,36760,scatter,10,10,0.7777632455222023,0.0239751333157794,10,0,0.0,0,0,0,0.5367766361983919,8,298
coverage,1,2,2,1,10.0,20112,scatter,10,10,1.1266867083750034,0.023298600311245275,1,0,0.0,0,0,0,0.0,6,186
coverage,1,2,2,4,10.0,79732,scatter,10,10,1.232199481231626,0.41244784756352626,4,0,0.0,0,0,0,0.21975129778801505,20,441
pso,1,2,2,4,10.0,54906,scatter,10,10,0.7731872358824277,0.20735039731327665,4,0,0.0,0,0,0,0.07507077182586455,39,410
pso,1,2,2,3,10.0,37161,scatter,10,10,0.4609449030770112,0.8013007575643616,3,0,0.0,0,0,0,0.04444056320977378,135,4
flood_fill,1,2,2,2,10.0,87542,scatter,10,10,0.19198866579065108,0.1340039043363852,2,0,0.0,0,0,0,0.17036796569527643,368,58
coverage,1,2,2,2,10.0,72996,scatter,10,10,1.7856463404739926,0.007195175340612696,2,0,0.0,0,0,0,0.11365032604899278,4,465
flood_fill,1,2,2,8,10.0,94666,scatter,10,10,1.8849888952677882,0.13190902611693683,8,0,0.0,0,0,0,0.6539406808585738,8,189
projet,1,2,2,3,10.0,40459,scatter,10,10,1.920262021991312,0.04999561449642823,3,0,0.0,0,0,0,0.020299003399693656,5,422
aco,1,2,2,9,10.0,78667,scatter,10,10,0.6327878527102067,0.40892689578167346,9,0,0.0,0,0,0,0.4860607704415602,73,166
aco,1,2,2,9,10.0,9051,scatter,10,10,1.185639634191789,0.08476493606173946,9,0,0.0,0,0,0,0.513443954976997,10,464
coverage,1,2,2,1,10.0,50012,scatter,10,10,1.02037326045876,0.27218507583386065,1,0,0.0,0,0,0,0.04634617525751121,29,289
pso,1,2,2,9,10.0,90899,scatter,10,10,1.917304002159792,0.7274082787360315,9,0,0.0,0,0,0,0.13614847022161972,9,240
aco,1,2,2,7,10.0,64939,scatter,10,10,1.8838515048293605,0.7377858209524291,7,0,0.0,0,0,0,0.5247743689733512,11,188
projet,1,2,2,2,10.0,58979,scatter,10,10,0.4331518266469251,0.05556552235019469,2,0,0.0,0,0,0,0.014739848309627629,34,285
flood_fill,1,2,2,9,10.0,32730,scatter,10,10,0.5628264985809922,0.0744893209159288,9,0,0.0,0,0,0,0.5958085975648721,28,370
flood_fill,1,2,2,6,10.0,61469,scatter,10,10,1.095470879096587,0.03674870256813299,6,0,0.0,0,0,0,0.29246310900917244,7,54
projet,1,2,2,5,10.0,41137,scatter,10,10,0.42047066121679744,0.353879247589293,5,0,0.0,0,0,0,0.05898846526387475,157,198
aco,1,2,2,5,10.0,98562,scatter,10,10,0.3435606574383491,0.7693515868502807,5,0,0.0,0,0,0,0.22454684849659434,242,22
flood_fill,1,2,2,7,10.0,16907,scatter,10,10,0.6299110623626689,0.7779315869987652,7,0,0.0,0,0,0,0.3565087825600498,70,2
flood_fill,1,2,2,9,10.0,83734,scatter,10,10,1.2318985171645973,0.6332595295790324,9,0,0.0,0,0,0,0.4475919778361622,22,310
projet,1,2,2,2,10.0,63079,scatter,10,10,1.517642235216035,0.646787927036956,2,0,0.0,0,0,0,0.013499997851046192,14,260
aco,1,2,2,9,10.0,80847,scatter,10,10,0.33866991489373177,0.37088170920272523,9,0,0.0,0,0,0,0.4792261714507169,249,333
aco,1,2,2,4,10.0,1965,scatter,10,10,1.776358564082643,0.6043429674936103,4,0,0.0,0,0,0,0.24449750790948116,10,472
coverage,1,2,2,10,10.0,30545,scatter,10,10,1.001785893339868,0.00308009541875141,10,0,0.0,0,0,0,0.33011872714398427,4,178
coverage,1,2,2,6,10.0,32249,scatter,10,10,1.3252592212638175,0.22436619078619077,6,0,0.0,0,0,0,0.2611075403847051,17,150
pso,1,2,2,10,10.0,71535,scatter,10,10,1.5479930833605597,0.5707764661555712,10,0,0.0,0,0,0,0.16581872651290444,14,436
flood_fill,1,2,2,2,10.0,65212,scatter,10,10,0.5479223098499942,0.5394924143164634,2,0,0.0,0,0,0,0.15285885414555883,95,319
coverage,1,2,2,5,10.0,60553,scatter,10,10,0.3327849386426165,0.11092922363389081,5,0,0.0,0,0,0,0.23168451805423465,104,274
projet,1,2,2,10,10.0,26763,scatter,10,10,1.3781907113311762,0.4045543747237619,10,0,0.0,0,0,0,0.12223319993367893,17,338
projet,1,2,2,4,10.0,26839,scatter,10,10,1.5095127239835262,0.34053200671632944,4,0,0.0,0,0,0,0.053051904900141736,14,297
flood_fill,1,2,2,8,10.0,27647,scatter,10,10,1.145993347950502,3.275656907691368e-05,8,0,0.0,0,0,0,0.4680250635072164,4,327
projet,1,2,2,8,10.0,47803,scatter,10,10,1.2034821138454537,0.048335638065076014,8,0,0.0,0,0,0,0.09259183564805445,7,341
coverage,1,2,2,4,10.0,92084,scatter,10,10,1.9110457312485047,0.05250118298906038,4,0,0.0,0,0,0,0.11069214866980388,5,179
coverage,1,2,2,3,10.0,71939,scatter,10,10,0.32608015200073615,0.4343241961736699,3,0,0.0,0,0,0,0.11004985647169754,271,489
coverage,1,2,2,10,10.0,63590,scatter,10,10,0.539185764671205,0.6473124576315259,10,0,0.0,0,0,0,0.4359796699060181,103,63
projet,1,2,2,4,10.0,63672,scatter,10,10,0.34384571055570057,0.678846459255505,4,0,0.0,0,0,0,0.08941107850944169,245,153
projet,1,2,2,5,10.0,12961,scatter,10,10,1.0641064310491364,0.4541597910514308,5,0,0.0,0,0,0,0.03384918631101954,28,236
pso,1,2,2,5,10.0,93470,scatter,10,10,1.3525923675003029,0.5299939763588891,5,0,0.0,0,0,0,0.06005991773950965,16,395
coverage,1,2,2,8,10.0,75825,scatter,10,10,1.193133385467649,0.2810537155616483,8,0,0.0,0,0,0,0.390825767854052,22,131
flood_fill,1,2,2,5,10.0,8697,scatter,10,10,1.9926250483122332,0.5805197993485829,5,0,0.0,0,0,0,0.37356808244211737,11,484
projet,1,2,2,6,10.0,38466,scatter,10,10,1.7031703481280958,0.5543121778187519,6,0,0.0,0,0,0,0.09036516737709142,13,412
projet,1,2,2,7,10.0,5032,scatter,10,10,0.1947472584683353,0.5183350395565105,7,0,0.0,0,0,0,0.08490930784618485,758,268
coverage,1,2,2,2,10.0,20509,scatter,10,10,1.7393353948612487,0.3723395650541449,2,0,0.0,0,0,0,0.0,12,279
flood_fill,1,2,2,4,10.0,48995,scatter,10,10,1.2739744964287103,0.19380864892043997,4,0,0.0,0,0,0,0.20480945769347525,16,364
aco,1,2,2,8,10.0,34747,scatter,10,10,1.219444259557905,0.17265700005045465,8,0,0.0,0,0,0,0.4800256889282103,16,209
aco,1,2,2,7,10.0,43363,scatter,10,10,0.546865060010843,0.49137532222865843,7,0,0.0,0,0,0,0.43049960080128946,97,52
pso,1,2,2,1,10.0,599,scatter,10,10,1.7036575145135398,0.029341560285196792,1,0,0.0,0,0,0,0.019023539444593212,5,450
flood_fill,1,2,2,4,10.0,22474,scatter,10,10,1.364769199213739,0.003449772775565766,4,0,0.0,0,0,0,0.1519046619875583,4,7
flood_fill,1,2,2,10,10.0,56338,scatter,10,10,0.2801181735033111,0.08387229826395966,10,0,0.0,0,0,0,0.5120668957000714,111,8
aco,1,2,2,9,10.0,69144,scatter,10,10,1.0318295878508081,0.23460426613261634,9,0,0.0,0,0,0,0.5544590129194145,25,60
pso,1,2,2,5,10.0,46546,scatter,10,10,1.8474649880345615,0.7727095127666319,5,0,0.0,0,0,0,0.05857160474716193,12,252
projet,1,2,2,6,10.0,31054,scatter,10,10,1.666473968107235,0.5921088071913014,6,0,0.0,0,0,0,0.11328425173188321,13,360
pso,1,2,2,4,10.0,42770,scatter,10,10,0.5565223375484455,0.6092394738722664,4,0,0.0,0,0,0,0.06250447117947446,89,266
projet,1,2,2,9,10.0,733,scatter,10,10,0.4028872765437773,0.5509259821495798,9,0,0.0,0,0,0,0.14857200923476335,174,72
flood_fill,1,2,2,3,10.0,30940,scatter,10,10,1.120690272034766,0.300095791876943,3,0,0.0,0,0,0,0.12082875522995278,24,434
pso,1,2,2,6,10.0,70961,scatter,10,10,0.6644536338462701,0.14612757578886792,6,0,0.0,0,0,0,0.07156210137429712,37,33
projet,1,2,2,9,10.0,63868,scatter,10,10,1.5556909536480938,0.5124838850185232,9,0,0.0,0,0,0,0.1684563959789825,12,41
aco,1,2,2,6,10.0,43428,scatter,10,10,0.5398919417288871,0.7701850259309548,6,0,0.0,0,0,0,0.3525308893651038,102,445
projet,1,2,2,3,10.0,29726,scatter,10,10,1.7890914943699292,0.25868893087738865,3,0,0.0,0,0,0,0.02599511340041205,12,127
coverage,1,2,2,4,10.0,21527,scatter,10,10,1.4586297574825773,0.21905577148848795,4,0,0.0,0,0,0,0.026793336502463717,14,403
pso,1,2,2,4,10.0,21032,scatter,10,10,1.7262814142387137,0.062187154985816256,4,0,0.0,0,0,0,0.03931889715279428,6,73
coverage,1,2,2,3,10.0,8051,scatter,10,10,0.9200228969921932,0.10077835868396141,3,0,0.0,0,0,0,0.09199647957301196,16,409
coverage,1,2,2,4,10.0,26473,scatter,10,10,0.9787370584749908,0.5664928721396008,4,0,0.0,0,0,0,0.13116760211350711,33,248
projet,1,2,2,4,10.0,38185,scatter,10,10,1.9829373701147497,0.37453787415636286,4,0,0.0,0,0,0,0.026999921804972276,10,479
flood_fill,1,2,2,6,10.0,86958,scatter,10,10,1.2819103473579163,0.036433424278486684,6,0,0.0,0,0,0,0.3790743189774218,6,168
flood_fill,1,2,2,10,10.0,84392,scatter,10,10,1.8802580333724215,0.1602870916948372,10,0,0.0,0,0,0,0.43811059178884115,9,275
aco,1,2,2,4,10.0,25569,scatter,10,10,1.7875997556006422,0.3926569544335564,4,0,0.0,0,0,0,0.1352609961632289,11,442
aco,1,2,2,1,10.0,69543,scatter,10,10,0.8746740423295285,0.5995342315524418,1,0,0.0,0,0,0,0.0883650822666965,37,309
aco,1,2,2,8,10.0,1795,scatter,10,10,0.6536834163884186,0.46964180263808436,8,0,0.0,0,0,0,0.376697588493559,68,43
coverage,1,2,2,3,10.0,18791,scatter,10,10,1.3099099744482876,0.5667502408182093,3,0,0.0,0,0,0,0.0806901113272256,20,160
aco,1,2,2,5,10.0,72866,scatter,10,10,1.2853143872608972,0.08865402535486575,5,0,0.0,0,0,0,0.26887342273614095,9,94
aco,1,2,2,5,10.0,54892,scatter,10,10,1.4209419580211065,0.018522984214958654,5,0,0.0,0,0,0,0.3432639620033059,5,246
flood_fill,1,2,2,3,10.0,3559,scatter,10,10,0.37009843104513107,0.04122319152262413,3,0,0.0,0,0,0,0.1303129800690292,34,335
coverage,1,2,2,4,10.0,76500,scatter,10,10,1.1494854263422651,0.7459329036542484,4,0,0.0,0,0,0,0.1361783492939342,24,427
pso,1,2,2,2,10.0,3938,scatter,10,10,1.8298431733726008,0.014429962019258937,2,0,0.0,0,0,0,0.03323326738163445,4,490
coverage,1,2,2,4,10.0,45819,scatter,10,10,0.885779518975796,0.1165528703742584,4,0,0.0,0,0,0,0.17344608053707672,19,486
coverage,1,2,2,7,10.0,82933,scatter,10,10,1.323738549083977,0.7546550575107606,7,0,0.0,0,0,0,0.20579707018490143,20,457
projet,1,2,2,10,10.0,51794,scatter,10,10,1.2599372810611846,0.12770651020500887,10,0,0.0,0,0,0,0.1499006436225823,12,163
aco,1,2,2,1,10.0,47465,scatter,10,10,1.5787810235128192,0.6194727724007505,1,0,0.0,0,0,0,0.0727532729229413,13,397
aco,1,2,2,1,10.0,16910,scatter,10,10,0.9768987141604052,0.38153820912733855,1,0,0.0,0,0,0,0.0784971138322939,32,61
flood_fill,1,2,2,1,10.0,7493,scatter,10,10,1.1298915887587841,0.1412653768400128,1,0,0.0,0,0,0,0.03804289802315255,15,496
projet,1,2,2,10,10.0,11146,scatter,10,10,1.1902814244080575,0.19998476736929202,10,0,0.0,0,0,0,0.1929697446909647,18,460
pso,1,2,2,5,10.0,24004,scatter,10,10,1.0636441129245007,0.07208615844831434,5,0,0.0,0,0,0,0.07423306617480067,10,226
projet,1,2,2,1,10.0,36054,scatter,10,10,0.5873218636290749,0.18085734678011633,1,0,0.0,0,0,0,0.006749948518322246,56,330
pso,1,2,2,7,10.0,40524,scatter,10,10,1.6199094390727184,0.1410608780924189,7,0,0.0,0,0,0,0.1293959425107887,9,191
coverage,1,2,2,1,10.0,94901,scatter,10,10,0.13542317020987948,0.08077543106421946,1,0,0.0,0,0,0,0.0,444,396
aco,1,2,2,1,10.0,96821,scatter,10,10,0.2743604284723028,0.7279836763150239,1,0,0.0,0,0,0,0.07509056940122383,379,473
pso,1,2,2,3,10.0,84441,scatter,10,10,0.7890008544585206,0.1460312901095581,3,0,0.0,0,0,0,0.0446678140585513,27,345
flood_fill,1,2,2,9,10.0,79802,scatter,10,10,1.7900314950058607,0.08606495516667836,9,0,0.0,0,0,0,0.4961328534234156,7,351
projet,1,2,2,10,10.0,36487,scatter,10,10,0.14845213280655983,0.42447716019265264,10,0,0.0,0,0,0,0.09916160057494548,1294,384
flood_fill,1,2,2,6,10.0,63990,scatter,10,10,0.23774816578086097,0.22021872088109515,6,0,0.0,0,0,0,0.3318253118925827,394,225
projet,1,2,2,2,10.0,23571,scatter,10,10,0.5861587121653882,7.516081426899954e-05,2,0,0.0,0,0,0,0.013527083223508974,4,202
coverage,1,2,2,6,10.0,41272,scatter,10,10,0.13045127794012956,0.3279804761403537,6,0,0.0,0,0,0,0.15382034894247198,1652,487
flood_fill,1,2,2,9,10.0,54981,scatter,10,10,1.3205641142344993,0.16353718469276757,9,0,0.0,0,0,0,0.3917264128355314,13,492
pso,1,2,2,8,10.0,22575,scatter,10,10,0.41018641065650896,0.70060434705264,8,0,0.0,0,0,0,0.09566755087436249,176,485
projet,1,2,2,8,10.0,68774,scatter,10,10,1.1061703680127561,0.2350312057264944,8,0,0.0,0,0,0,0.05150879448385415,23,451
projet,1,2,2,1,10.0,5701,scatter,10,10,1.3913629190170713,0.10789538471049435,1,0,0.0,0,0,0,0.0067504605028097615,10,108
coverage,1,2,2,8,10.0,82652,scatter,10,10,1.2149321427004938,0.46948724908889927,8,0,0.0,0,0,0,0.3593241919055146,21,18
coverage,1,2,2,6,10.0,79777,scatter,10,10,0.5145784971870573,0.8457773446434377,6,0,0.0,0,0,0,0.15541980699165148,112,239
coverage,1,2,2,9,10.0,70227,scatter,10,10,1.1162242722868843,0.035036492100439715,9,0,0.0,0,0,0,0.4908213134657817,7,238
flood_fill,1,2,2,6,10.0,98665,scatter,10,10,0.3867866154432442,0.058767827271674886,6,0,0.0,0,0,0,0.35379471094527715,43,128
aco,1,2,2,8,10.0,4446,scatter,10,10,0.7894342472877476,0.0021578835502496937,8,0,0.0,0,0,0,0.45250229900893874,4,56
coverage,1,2,2,9,10.0,10964,scatter,10,10,1.0779676652827517,0.025596981543345047,9,0,0.0,0,0,0,0.39950041657623087,6,283
pso,1,2,2,3,10.0,69624,scatter,10,10,1.8177932154093994,0.012481071700377934,3,0,0.0,0,0,0,0.017403354885364916,4,417
flood_fill,1,2,2,3,10.0,99457,scatter,10,10,1.324017326710317,0.6645932448308135,3,0,0.0,0,0,0,0.11954353458843617,17,431
coverage,1,2,2,6,10.0,71698,scatter,10,10,1.4967791311601462,0.2569332409960751,6,0,0.0,0,0,0,0.0826634151690216,15,385
projet,1,2,2,4,10.0,65046,scatter,10,10,1.326576701234717,0.1926777071111195,4,0,0.0,0,0,0,0.02684991421117642,15,493
aco,1,2,2,2,10.0,31066,scatter,10,10,1.564627579711561,0.013104896984150821,2,0,0.0,0,0,0,0.14042528008556265,5,175
coverage,1,2,2,7,10.0,75281,scatter,10,10,0.9407994312759506,0.08352169637295101,7,0,0.0,0,0,0,0.24635808437515,13,227
aco,1,2,2,7,10.0,24905,scatter,10,10,1.8301116581888301,0.13206193181553952,7,0,0.0,0,0,0,0.4244548371412103,8,214
projet,1,2,2,6,10.0,7884,scatter,10,10,1.781774315229786,0.3972152584633793,6,0,0.0,0,0,0,0.07705755291763164,11,371
pso,1,2,2,9,10.0,94219,scatter,10,10,0.5841495557936096,6.118173111042433e-05,9,0,0.0,0,0,0,0.1292812183500735,4,199
projet,1,2,2,8,10.0,49276,scatter,10,10,0.19299137853020026,0.016889171003405715,8,0,0.0,0,0,0,0.09215268812994946,49,74
pso,1,2,2,4,10.0,16706,scatter,10,10,0.3807648496986331,0.40700360467110824,4,0,0.0,0,0,0,0.06581878755183143,196,352
projet,1,2,2,10,10.0,70256,scatter,10,10,1.0214943499986076,0.1186364958173256,10,0,0.0,0,0,0,0.12634234276999057,15,456
projet,1,2,2,9,10.0,751,scatter,10,10,1.4843355121339317,0.3778059397249248,9,0,0.0,0,0,0,0.177942591603503,16,17
pso,1,2,2,7,10.0,24196,scatter,10,10,1.0072915797625013,0.2667679784317195,7,0,0.0,0,0,0,0.09308472079171899,29,300
coverage,1,2,2,6,10.0,47592,scatter,10,10,1.0391244618059168,0.10403482104391688,6,0,0.0,0,0,0,0.19402617524836968,14,354
projet,1,2,2,2,10.0,97791,scatter,10,10,0.9343798206301244,0.48921815514104544,2,0,0.0,0,0,0,0.01350019422046031,34,306
coverage,1,2,2,6,10.0,34990,scatter,10,10,0.8290591112078115,0.6546692118954036,6,0,0.0,0,0,0,0.15632808658268907,43,495
aco,1,2,2,6,10.0,38283,scatter,10,10,0.6576162219218272,0.0674052959525461,6,0,0.0,0,0,0,0.2837677669026234,20,482
projet,1,2,2,6,10.0,6192,scatter,10,10,0.9410439466235732,0.38491976902842434,6,0,0.0,0,0,0,0.06355157851255919,35,400
projet,1,2,2,2,10.0,28809,scatter,10,10,0.18180297084770744,0.00047517997596373685,2,0,0.0,0,0,0,0.013500127311511793,5,79
projet,1,2,2,10,10.0,60277,scatter,10,10,1.8825515511325654,0.0019144279187578526,10,0,0.0,0,0,0,0.18901592115634291,4,192
pso,1,2,2,9,10.0,95210,scatter,10,10,1.387017100928255,0.34387281518793994,9,0,0.0,0,0,0,0.12289050630185556,17,185
flood_fill,1,2,2,1,10.0,51964,scatter,10,10,1.9978181222053666,0.011640030960589597,1,0,0.0,0,0,0,0.022560244347081065,4,356
flood_fill,1,2,2,10,10.0,77056,scatter,10,10,1.3131973884878745,0.46689088732659945,10,0,0.0,0,0,0,0.6440103769180701,18,425
pso,1,2,2,7,10.0,77261,scatter,10,10,1.175788495257279,0.7694162000875954,7,0,0.0,0,0,0,0.0954811352784303,22,137
coverage,1,2,2,9,10.0,52633,scatter,10,10,0.20739457794001875,0.029409575463565672,9,0,0.0,0,0,0,0.4704531023475969,72,230
pso,1,2,2,7,10.0,71737,scatter,10,10,0.6164574342449977,0.0013947363587109116,7,0,0.0,0,0,0,0.11955739703822853,4,231
projet,1,2,2,3,10.0,95815,scatter,10,10,0.5523133011748795,0.64568622500295,3,0,0.0,0,0,0,0.055658401927476064,99,361
pso,1,2,2,10,10.0,60457,scatter,10,10,1.1233689989727271,0.6914590542427359,10,0,0.0,0,0,0,0.12711373777918988,26,83
projet,1,2,2,8,10.0,48615,scatter,10,10,0.21023323050551757,0.24293635958876778,8,0,0.0,0,0,0,0.1307933305705517,554,287
projet,1,2,2,4,10.0,9540,scatter,10,10,1.8710295892147217,0.28643240937726633,4,0,0.0,0,0,0,0.04160264727374738,10,401
pso,1,2,2,6,10.0,85041,scatter,10,10,0.4193646401407872,0.3619002165968177,6,0,0.0,0,0,0,0.1030041210993474,160,272
projet,1,2,2,4,10.0,89792,scatter,10,10,1.965326343141717,0.28353404811793403,4,0,0.0,0,0,0,0.08291600240820504,10,31
flood_fill,1,2,2,1,10.0,48009,scatter,10,10,1.8042585095963648,0.3015263655155073,1,0,0.0,0,0,0,0.0791322821230377,11,11
coverage,1,2,2,4,10.0,37589,scatter,10,10,1.0101492977254243,0.11702996509071167,4,0,0.0,0,0,0,0.16088040080285362,15,416
projet,1,2,2,4,10.0,28972,scatter,10,10,1.9582948156179372,0.07470891378624622,4,0,0.0,0,0,0,0.07550336195414811,6,374
aco,1,2,2,2,10.0,17341,scatter,10,10,0.768094199155575,0.09739272555178181,2,0,0.0,0,0,0,0.1109975703545237,21,13
flood_fill,1,2,2,7,10.0,92861,scatter,10,10,0.7816985335151136,0.16716582840281827,7,0,0.0,0,0,0,0.5066861008822928,31,241
coverage,1,2,2,3,10.0,6955,scatter,10,10,0.9612019566771982,0.26071342240990786,3,0,0.0,0,0,0,0.13252506428608885,30,204
aco,1,2,2,6,10.0,9777,scatter,10,10,0.10137970526665185,0.2516962147860258,6,0,0.0,0,0,0,0.31965781799903314,2449,70
projet,1,2,2,8,10.0,91166,scatter,10,10,0.5312463341471886,0.8426779867038048,8,0,0.0,0,0,0,0.10874623079496139,104,448
coverage,1,2,2,10,10.0,558,scatter,10,10,0.10029451121297293,0.3173604137987729,10,0,0.0,0,0,0,0.4080221562291859,2792,237
coverage,1,2,2,1,10.0,4627,scatter,10,10,0.8130133387143342,0.3461792110075726,1,0,0.0,0,0,0,0.0,44,86
flood_fill,1,2,2,5,10.0,48311,scatter,10,10,0.4455778308438193,0.08859838978675941,5,0,0.0,0,0,0,0.3727378203741041,49,35
pso,1,2,2,5,10.0,63365,scatter,10,10,0.7442533831499466,0.07248531804599524,5,0,0.0,0,0,0,0.0948083473463595,17,474
coverage,1,2,2,8,10.0,61221,scatter,10,10,0.9555943910945868,0.4232480733734984,8,0,0.0,0,0,0,0.24646523032119225,32,167
aco,1,2,2,9,10.0,19410,scatter,10,10,0.2857863085498271,0.06992442329953491,9,0,0.0,0,0,0,0.5652188233396335,90,141
coverage,1,2,2,10,10.0,23254,scatter,10,10,1.7772266731743185,0.8217746482726367,10,0,0.0,0,0,0,0.5654976699388514,12,25
flood_fill,1,2,2,10,10.0,23688,scatter,10,10,0.1993390682719915,0.2337986137132235,10,0,0.0,0,0,0,0.4272153822017582,592,75
aco,1,2,2,4,10.0,30093,scatter,10,10,1.1599015171222253,0.5456083425033841,4,0,0.0,0,0,0,0.2615847850632911,20,125
aco,1,2,2,10,10.0,15047,scatter,10,10,0.8582691576586075,0.6372602273345799,10,0,0.0,0,0,0,0.4572955488632437,43,93
flood_fill,1,2,2,8,10.0,52182,scatter,10,10,0.31158677448016675,0.6354656073697,8,0,0.0,0,0,0,0.35119304388315137,297,292
pso,1,2,2,10,10.0,19727,scatter,10,10,1.2519510400507383,0.762125554083665,10,0,0.0,0,0,0,0.12871122975507773,20,36
aco,1,2,2,4,10.0,78568,scatter,10,10,1.9433939904170938,0.4145468262063159,4,0,0.0,0,0,0,0.28511771757549054,11,455
aco,1,2,2,6,10.0,90625,scatter,10,10,1.395349148886693,0.3094229128571456,6,0,0.0,0,0,0,0.32265417197452856,17,124
projet,1,2,2,7,10.0,10999,scatter,10,10,1.5267946509802341,0.3478023126280459,7,0,0.0,0,0,0,0.10003052759218427,15,106
projet,1,2,2,6,10.0,39321,scatter,10,10,0.4815603551654062,0.41098610954334525,6,0,0.0,0,0,0,0.059561415318609284,119,44
pso,1,2,2,10,10.0,11741,scatter,10,10,1.7590545915373408,0.23304486199724425,10,0,0.0,0,0,0,0.15993659131300755,10,380
pso,1,2,2,6,10.0,16359,scatter,10,10,1.521437558962933,0.7896708961806429,6,0,0.0,0,0,0,0.0828631266744465,15,366
coverage,1,2,2,2,10.0,19706,scatter,10,10,0.7374203113035313,0.4381414974209684,2,0,0.0,0,0,0,0.0,54,177
projet,1,2,2,10,10.0,82276,scatter,10,10,0.6130467215274784,0.04967075030610562,10,0,0.0,0,0,0,0.3092713180729934,17,107
coverage,1,2,2,1,10.0,33469,scatter,10,10,0.5037885837722281,0.16966795075781582,1,0,0.0,0,0,0,0.06533451346723236,71,156
flood_fill,1,2,2,1,10.0,6815,scatter,10,10,1.7948110886753896,0.4062282105819361,1,0,0.0,0,0,0,0.08886611636051205,12,118
coverage,1,2,2,5,10.0,27231,scatter,10,10,1.3020981902999953,0.049917581319432344,5,0,0.0,0,0,0,0.06811335468531923,7,97
flood_fill,1,2,2,3,10.0,82923,scatter,10,10,1.8063069532743152,0.2030483773401948,3,0,0.0,0,0,0,0.20657488210684527,10,164
aco,1,2,2,7,10.0,46027,scatter,10,10,0.677629784024582,0.12498951437078121,7,0,0.0,0,0,0,0.36677409611094747,31,115
coverage,1,2,2,9,10.0,54913,scatter,10,10,0.9472549583369615,0.6735393977498169,9,0,0.0,0,0,0,0.3227347712724296,32,234
pso,1,2,2,4,10.0,36931,scatter,10,10,0.8985543987111029,0.5504503019967549,4,0,0.0,0,0,0,0.0614888155756414,37,190
coverage,1,2,2,2,10.0,7051,scatter,10,10,1.2597960102223216,0.13669899098200552,2,0,0.0,0,0,0,0.12376281801516878,13,213
pso,1,2,2,1,10.0,75324,scatter,10,10,0.5072674219439873,0.1671922063141687,1,0,0.0,0,0,0,0.014659128759923243,69,498
aco,1,2,2,3,10.0,54059,scatter,10,10,0.9784333653993494,0.8514259810597706,3,0,0.0,0,0,0,0.11945986685927737,30,24
flood_fill,1,2,2,10,10.0,47940,scatter,10,10,1.4504610727640077,0.0807934736006646,10,0,0.0,0,0,0,0.5175501736164512,8,183
pso,1,2,2,9,10.0,29072,scatter,10,10,1.478964723294745,0.7761883762965307,9,0,0.0,0,0,0,0.1499128324173977,14,320
flood_fill,1,2,2,8,10.0,99914,scatter,10,10,1.7189492189800042,0.7305335044727796,8,0,0.0,0,0,0,0.3539034099128523,12,311
pso,1,2,2,1,10.0,39482,scatter,10,10,0.6228463011722901,0.07352306508945748,1,0,0.0,0,0,0,0.022233971417630866,23,29
projet,1,2,2,5,10.0,29128,scatter,10,10,0.46823235711096833,0.10420066694976216,5,0,0.0,0,0,0,0.04795595752042519,52,312
aco,1,2,2,3,10.0,44207,scatter,10,10,1.0483852282168358,0.11024595520194184,3,0,0.0,0,0,0,0.18363004930898438,14,477
pso,1,2,2,1,10.0,97812,scatter,10,10,0.12113890488888088,0.5316179004843579,1,0,0.0,0,0,0,0.011947420014380018,1952,362
projet,1,2,2,3,10.0,30086,scatter,10,10,1.9893918780149698,0.6001490994664179,3,0,0.0,0,0,0,0.020249949389263455,11,195
flood_fill,1,2,2,9,10.0,64475,scatter,10,10,0.13429525460201766,0.7881445975912251,9,0,0.0,0,0,0,0.5670744716790148,1605,197
flood_fill,1,2,2,8,10.0,57172,scatter,10,10,0.13991509110826084,0.09224325457548206,8,0,0.0,0,0,0,0.4114359882611345,475,1
aco,1,2,2,6,10.0,31575,scatter,10,10,0.6105825276000546,0.32835877522002754,6,0,0.0,0,0,0,0.3645559214894727,71,398
pso,1,2,2,9,10.0,55388,scatter,10,10,1.3884483179830565,0.8506211189938331,9,0,0.0,0,0,0,0.15184902825718988,17,282
projet,1,2,2,4,10.0,86011,scatter,10,10,1.12125864927686,0.1282937805744591,4,0,0.0,0,0,0,0.0638458092698577,14,271
projet,1,2,2,9,10.0,20956,scatter,10,10,1.699696679312772,0.523021284036883,9,0,0.0,0,0,0,0.20251098889631927,12,399
coverage,1,2,2,6,10.0,22286,scatter,10,10,1.1080623218017687,0.05239352916584802,6,0,0.0,0,0,0,0.25567860208105425,8,203
projet,1,2,2,7,10.0,20397,scatter,10,10,1.0778106127348546,0.4638524737973916,7,0,0.0,0,0,0,0.06328322416164539,26,261
coverage,1,2,2,1,10.0,34982,scatter,10,10,0.5307229715162133,0.4901392052671508,1,0,0.0,0,0,0,0.0,99,96
aco,1,2,2,2,10.0,20575,scatter,10,10,1.9669404863070394,0.2263030933027615,2,0,0.0,0,0,0,0.17625421206013334,10,90
projet,1,2,2,4,10.0,97517,scatter,10,10,1.5958778867784158,0.520162563176595,4,0,0.0,0,0,0,0.05530408076241169,14,84
pso,1,2,2,10,10.0,96159,scatter,10,10,1.6553726940013638,0.062405980501154694,10,0,0.0,0,0,0,0.14401704932418719,6,277
aco,1,2,2,1,10.0,32462,scatter,10,10,1.1042639991077468,0.21633151573141776,1,0,0.0,0,0,0,0.06003474261625583,22,135
projet,1,2,2,8,10.0,65550,scatter,10,10,0.32317960191338524,0.823646811692247,8,0,0.0,0,0,0,0.14555599036777925,275,116
flood_fill,1,2,2,2,10.0,50608,scatter,10,10,1.3137752600122001,0.11166471655905993,2,0,0.0,0,0,0,0.12757804204620482,10,47
pso,1,2,2,9,10.0,54102,scatter,10,10,0.23293730896818576,0.6033448782391216,9,0,0.0,0,0,0,0.10824813748648274,531,208
aco,1,2,2,10,10.0,93962,scatter,10,10,0.8254763067690881,0.18581490958492547,10,0,0.0,0,0,0,0.5299029676710222,31,229
coverage,1,2,2,7,10.0,51681,scatter,10,10,1.801040917726593,0.03396536645660925,7,0,0.0,0,0,0,0.3220745553908003,5,344
projet,1,2,2,10,10.0,64625,scatter,10,10,1.0362321842997724,0.31874210701829553,10,0,0.0,0,0,0,0.15735353753532835,26,55
aco,1,2,2,8,10.0,69808,scatter,10,10,1.7669816719680633,0.0641210802717788,8,0,0.0,0,0,0,0.48790858039357676,6,210
coverage,1,2,2,2,10.0,426,scatter,10,10,1.7541840313401948,0.7165542742518407,2,0,0.0,0,0,0,0.10054482145708138,12,218
projet,1,2,2,3,10.0,73684,scatter,10,10,1.625844396347665,0.014055539265762978,3,0,0.0,0,0,0,0.0203573526132604,5,109
aco,1,2,2,1,10.0,7641,scatter,10,10,1.7945607515022777,0.721638484214409,1,0,0.0,0,0,0,0.07951802423350385,12,359
flood_fill,1,2,2,6,10.0,46260,scatter,10,10,0.3420200614566906,0.28665401555473163,6,0,0.0,0,0,0,0.29751455218172485,241,235
coverage,1,2,2,1,10.0,29135,scatter,10,10,1.651778033013669,0.8127856943932272,1,0,0.0,0,0,0,0.0,12,347
pso,1,2,2,6,10.0,54276,scatter,10,10,0.2237878106537302,0.7533571442945203,6,0,0.0,0,0,0,0.11988325635574301,567,247
coverage,1,2,2,8,10.0,640,scatter,10,10,1.2252656957825239,0.5738571606854929,8,0,0.0,0,0,0,0.36914200850355555,22,14
coverage,1,2,2,9,10.0,27518,scatter,10,10,0.31914558915931635,0.3686163533252706,9,0,0.0,0,0,0,0.38252097409610897,275,386
coverage,1,2,2,5,10.0,65948,scatter,10,10,0.37652854593800633,0.37168903574164336,5,0,0.0,0,0,0,0.12664761016403125,202,103
projet,1,2,2,5,10.0,49131,scatter,10,10,1.055945842138505,0.3901498751687153,5,0,0.0,0,0,0,0.09975695296201807,28,71
aco,1,2,2,3,10.0,32330,scatter,10,10,1.6069335193879692,0.008609461237341904,3,0,0.0,0,0,0,0.17678804537007115,4,331
flood_fill,1,2,2,3,10.0,71456,scatter,10,10,0.3953949571312998,0.0010269182815757418,3,0,0.0,0,0,0,0.09612157975362345,5,296
flood_fill,1,2,2,6,10.0,30990,scatter,10,10,0.808291726147563,0.7727186498685461,6,0,0.0,0,0,0,0.3669744575442896,42,134
pso,1,2,2,1,10.0,76921,scatter,10,10,0.40823573780096045,0.10387139719290367,1,0,0.0,0,0,0,0.011941050749410662,66,38
pso,1,2,2,5,10.0,33092,scatter,10,10,0.44084817837015566,0.7062615278919363,5,0,0.0,0,0,0,0.08239740269159887,148,89
flood_fill,1,2,2,4,10.0,35446,scatter,10,10,0.5130070494965369,0.5901929158604678,4,0,0.0,0,0,0,0.20117942500490998,107,9
projet,1,2,2,7,10.0,26705,scatter,10,10,0.30662424543182887,0.3110212097975889,7,0,0.0,0,0,0,0.08180817675486247,296,255
projet,1,2,2,6,10.0,64049,scatter,10,10,0.5513616714307595,0.24706211088074662,6,0,0.0,0,0,0,0.06045334540704952,83,85
flood_fill,1,2,2,6,10.0,1073,scatter,10,10,1.2603777578043638,0.1639945215150658,6,0,0.0,0,0,0,0.3119761521967325,14,405
flood_fill,1,2,2,4,10.0,11447,scatter,10,10,1.678222330632461,0.012676449677634484,4,0,0.0,0,0,0,0.2324216599857435,4,104
flood_fill,1,2,2,7,10.0,90430,scatter,10,10,1.8978285817177998,0.02601633359018682,7,0,0.0,0,0,0,0.44813719388910583,5,155
pso,1,2,2,5,10.0,5409,scatter,10,10,1.3602772112867352,0.07943925520462801,5,0,0.0,0,0,0,0.05913802841204026,8,499
aco,1,2,2,4,10.0,70512,scatter,10,10,0.3201535956923621,0.8078671575469024,4,0,0.0,0,0,0,0.28124095660975806,283,5
coverage,1,2,2,9,10.0,49396,scatter,10,10,0.5688909598074652,0.5446053476316518,9,0,0.0,0,0,0,0.24864714171516783,90,454
aco,1,2,2,3,10.0,12471,scatter,10,10,0.8385080825642753,0.5453260627136659,3,0,0.0,0,0,0,0.19808082140583264,39,389
coverage,1,2,2,3,10.0,22243,scatter,10,10,0.33956561476444125,0.003288063469362677,3,0,0.0,0,0,0,0.08882982799150334,7,340
projet,1,2,2,7,10.0,83634,scatter,10,10,0.10212513691261452,0.3802401549985181,7,0,0.0,0,0,0,0.10346971720850763,2735,257
pso,1,2,2,4,10.0,1314,scatter,10,10,1.8868213605659907,0.16614261070921843,4,0,0.0,0,0,0,0.07809999586846152,9,440
coverage,1,2,2,2,10.0,65670,scatter,10,10,0.8317470807036897,0.07015400260399966,2,0,0.0,0,0,0,0.08920978604445594,14,304
pso,1,2,2,6,10.0,76709,scatter,10,10,1.1653941209069425,0.4017785142421004,6,0,0.0,0,0,0,0.08070438898175579,23,348
flood_fill,1,2,2,1,10.0,59542,scatter,10,10,0.41427562171620813,0.11397836918460878,1,0,0.0,0,0,0,0.08178071948815374,70,53
aco,1,2,2,1,10.0,6034,scatter,10,10,1.387359992371871,0.7738248957134363,1,0,0.0,0,0,0,0.04828855798219668,16,15
pso,1,2,2,5,10.0,41619,scatter,10,10,0.13790766545045072,0.8319657209026077,5,0,0.0,0,0,0,0.07682187874254018,1507,110
flood_fill,1,2,2,4,10.0,90614,scatter,10,10,1.5727563462819965,0.450260576875301,4,0,0.0,0,0,0,0.2656766321614561,12,50
pso,1,2,2,5,10.0,83083,scatter,10,10,1.224994590920146,0.1700705385110156,5,0,0.0,0,0,0,0.07432833835276467,15,481
flood_fill,1,2,2,2,10.0,16795,scatter,10,10,1.2708627126448107,0.04214911096491615,2,0,0.0,0,0,0,0.05531744066332735,7,379
pso,1,2,2,10,10.0,48984,scatter,10,10,1.1272370746047125,0.802889736363976,10,0,0.0,0,0,0,0.15973769385643047,26,154
coverage,1,2,2,8,10.0,38933,scatter,10,10,1.539404372437046,0.7043246847176604,8,0,0.0,0,0,0,0.3031542455748638,13,180
coverage,1,2,2,3,10.0,77903,scatter,10,10,1.2330446336540986,0.23215214052349276,3,0,0.0,0,0,0,0.13540086894824047,19,443
flood_fill,1,2,2,5,10.0,87303,scatter,10,10,1.0740601127065859,0.5887819973969495,5,0,0.0,0,0,0,0.2515060477190252,27,184
aco,1,2,2,7,10.0,28521,scatter,10,10,0.8266168758036785,0.14143543039244413,7,0,0.0,0,0,0,0.43445382229943275,25,221
coverage,1,2,2,7,10.0,19401,scatter,10,10,0.4256596646041291,0.45195835578133825,7,0,0.0,0,0,0,0.24190918544884085,156,169
pso,1,2,2,6,10.0,48385,scatter,10,10,0.9271996052359698,0.013612215204310857,6,0,0.0,0,0,0,0.06183527098301686,6,28
aco,1,2,2,2,10.0,97145,scatter,10,10,0.9410091019107658,0.4234475782782334,2,0,0.0,0,0,0,0.16880123693330307,33,39
flood_fill,1,2,2,2,10.0,13800,scatter,10,10,0.41797756098778327,0.13045390530955914,2,0,0.0,0,0,0,0.15207957082775103,79,254
flood_fill,1,2,2,8,10.0,6880,scatter,10,10,1.1138747372941469,0.6103129207937303,8,0,0.0,0,0,0,0.49273813875846995,25,145
pso,1,2,2,6,10.0,44806,scatter,10,10,1.3925998623917966,0.7247389758001999,6,0,0.0,0,0,0,0.08025190964232701,16,408
flood_fill,1,2,2,7,10.0,5963,scatter,10,10,0.520170719670657,0.07858036591504824,7,0,0.0,0,0,0,0.31374623904372984,33,367
projet,1,2,2,5,10.0,13704,scatter,10,10,0.8302606228598445,0.026404577391640666,5,0,0.0,0,0,0,0.03504199978055152,8,390
aco,1,2,2,8,10.0,89872,scatter,10,10,1.7760042537353289,0.024450270397223892,8,0,0.0,0,0,0,0.421246983117222,5,269
projet,1,2,2,6,10.0,21419,scatter,10,10,0.8188909766142368,0.8387011892290457,6,0,0.0,0,0,0,0.1172615195604397,43,136
projet,1,2,2,7,10.0,6955,scatter,10,10,0.4343441665853799,0.08272495414286214,7,0,0.0,0,0,0,0.07097870901112321,48,233
flood_fill,1,2,2,1,10.0,79155,scatter,10,10,0.23234051835462574,0.33439221501920635,1,0,0.0,0,0,0,0.08895440752430406,528,138
pso,1,2,2,8,10.0,31273,scatter,10,10,0.19062416447830138,0.10404506979988817,8,0,0.0,0,0,0,0.07567712181815325,290,151
aco,1,2,2,2,10.0,8738,scatter,10,10,1.784266432616433,0.350283139293599,2,0,0.0,0,0,0,0.14677929912894844,11,411
projet,1,2,2,8,10.0,29637,scatter,10,10,0.2930541589865189,0.1775997550802714,8,0,0.0,0,0,0,0.13015790647045916,211,119
coverage,1,2,2,5,10.0,42321,scatter,10,10,0.17124285605208012,0.0031467838802814924,5,0,0.0,0,0,0,0.13256385227935688,15,196
coverage,1,2,2,1,10.0,4288,scatter,10,10,0.7780689921599621,0.008580142695621336,1,0,0.0,0,0,0,0.08395164420069443,5,290
projet,1,2,2,5,10.0,67593,scatter,10,10,0.9053161737759644,0.32265552612790693,5,0,0.0,0,0,0,0.03374912826277501,36,462
projet,1,2,2,2,10.0,45333,scatter,10,10,1.974725451058998,0.015782134942530893,2,0,0.0,0,0,0,0.01349997311061181,4,424
projet,1,2,2,9,10.0,81329,scatter,10,10,1.2637032336497211,0.005972579271955224,9,0,0.0,0,0,0,0.19176194922846615,4,332
flood_fill,1,2,2,9,10.0,12525,scatter,10,10,0.22446731960996616,0.3057141353560129,9,0,0.0,0,0,0,0.5403659678233053,543,461
pso,1,2,2,3,10.0,40327,scatter,10,10,0.4512612171943602,0.2795343187112443,3,0,0.0,0,0,0,0.03804291753771555,136,12
coverage,1,2,2,8,10.0,42874,scatter,10,10,1.9667554569310821,0.40876214242642034,8,0,0.0,0,0,0,0.45909381050237447,10,249
coverage,1,2,2,7,10.0,4137,scatter,10,10,0.2361119033097291,0.264758642834582,7,0,0.0,0,0,0,0.22749104767409456,475,439
coverage,1,2,2,9,10.0,6173,scatter,10,10,1.1938029243850723,0.6484518817668508,9,0,0.0,0,0,0,0.5817739373373636,22,446
aco,1,2,2,5,10.0,97241,scatter,10,10,0.7986855627865349,0.23660589590759196,5,0,0.0,0,0,0,0.3533988401632969,41,258
coverage,1,2,2,5,10.0,68188,scatter,10,10,1.8777612879149301,0.7371035980108274,5,0,0.0,0,0,0,0.24891997990712383,10,437
pso,1,2,2,10,10.0,87719,scatter,10,10,0.281888472057114,0.18026334861399385,10,0,0.0,0,0,0,0.1622431157169206,231,308
projet,1,2,2,3,10.0,73159,scatter,10,10,1.2013211100937353,0.03977579684658418,3,0,0.0,0,0,0,0.020832065564745185,7,295
projet,1,2,2,6,10.0,71653,scatter,10,10,0.8489233405639371,0.7884057398444659,6,0,0.0,0,0,0,0.08194108503670552,40,34
pso,1,2,2,3,10.0,84082,scatter,10,10,0.5247332635237961,0.6056033245175004,3,0,0.0,0,0,0,0.020399172518392565,111,302
aco,1,2,2,8,10.0,68895,scatter,10,10,1.244453626031736,0.8458243820263531,8,0,0.0,0,0,0,0.2966173121754425,20,491
projet,1,2,2,7,10.0,99453,scatter,10,10,0.686328527853406,0.01689054105277654,7,0,0.0,0,0,0,0.0672706428389588,8,419
projet,1,2,2,10,10.0,61907,scatter,10,10,0.3594802542815835,0.014767116339734227,10,0,0.0,0,0,0,0.13187341213379145,15,182
coverage,1,2,2,4,10.0,31363,scatter,10,10,1.1625387299190266,0.01594613771205639,4,0,0.0,0,0,0,0.1484249004628323,5,64
flood_fill,1,2,2,4,10.0,95310,scatter,10,10,1.6786090266070701,0.8269675906680194,4,0,0.0,0,0,0,0.2382649163642692,12,23
aco,1,2,2,7,10.0,66189,scatter,10,10,1.3198479259974822,0.5726251032402182,7,0,0.0,0,0,0,0.43511971596589627,19,368
coverage,1,2,2,10,10.0,16599,scatter,10,10,1.2104759971579553,0.05453047536908308,10,0,0.0,0,0,0,0.1793207538571838,8,170
coverage,1,2,2,1,10.0,9555,scatter,10,10,0.47910375367487246,0.1390127495536501,1,0,0.0,0,0,0,0.0,65,105
coverage,1,2,2,5,10.0,11316,scatter,10,10,0.21544354496446705,0.42234237371997285,5,0,0.0,0,0,0,0.23399160056326923,611,88
pso,1,2,2,8,10.0,72796,scatter,10,10,1.1124136837082945,0.6792717797981973,8,0,0.0,0,0,0,0.0908743158766567,24,220
aco,1,2,2,1,10.0,21903,scatter,10,10,0.18387594288487089,0.23523403517545255,1,0,0.0,0,0,0,0.08181245886171622,700,483
flood_fill,1,2,2,3,10.0,38928,scatter,10,10,1.6795343039323671,0.42707495873716067,3,0,0.0,0,0,0,0.2607335982300226,14,301
aco,1,2,2,9,10.0,41049,scatter,10,10,0.5224437120002379,0.598453665565728,9,0,0.0,0,0,0,0.5102785261489236,104,337
coverage,1,2,2,6,10.0,9624,scatter,10,10,1.4516979396372893,0.8049395218365943,6,0,0.0,0,0,0,0.21468900273093247,15,415
flood_fill,1,2,2,10,10.0,69001,scatter,10,10,1.8699659492526626,0.08850096737728842,10,0,0.0,0,0,0,0.6857656466200732,7,305
flood_fill,1,2,2,3,10.0,15563,scatter,10,10,1.4270937499534402,0.09734170099863348,3,0,0.0,0,0,0,0.1365861485676815,9,315
coverage,1,2,2,2,10.0,76580,scatter,10,10,0.30417322453278517,0.07469322136165532,2,0,0.0,0,0,0,0.0,85,146
aco,1,2,2,10,10.0,88081,scatter,10,10,0.994825314827154,0.18458917254070417,10,0,0.0,0,0,0,0.5539377228976279,23,77
aco,1,2,2,7,10.0,2596,scatter,10,10,0.4976571921492996,0.7335884500404759,7,0,0.0,0,0,0,0.32985354882325185,116,82
aco,1,2,2,10,10.0,45605,scatter,10,10,0.7602994262042145,0.46796508729665787,10,0,0.0,0,0,0,0.35271053943688624,52,316
aco,1,2,2,3,10.0,91634,scatter,10,10,1.9459756791167386,0.22815859203815994,3,0,0.0,0,0,0,0.18340374563743317,10,326
projet,1,2,2,5,10.0,36082,scatter,10,10,1.284309667013191,0.5936347662480832,5,0,0.0,0,0,0,0.09128980807303644,20,458
pso,1,2,2,8,10.0,21815,scatter,10,10,0.3197416180422186,0.1262219175991936,8,0,0.0,0,0,0,0.08877430843782905,127,62
pso,1,2,2,6,10.0,88678,scatter,10,10,1.255862301674403,0.06458480211708587,6,0,0.0,0,0,0,0.08514081283383507,8,452
pso,1,2,2,10,10.0,30148,scatter,10,10,1.0998719356191486,0.3054052767300401,10,0,0.0,0,0,0,0.1458664108136963,24,91
projet,1,2,2,2,10.0,35953,scatter,10,10,1.2305119776457067,0.379629631255171,2,0,0.0,0,0,0,0.013499281753141572,21,193
flood_fill,1,2,2,1,10.0,71188,scatter,10,10,0.6753654551096644,0.5781595427715438,1,0,0.0,0,0,0,0.04298272781013365,61,322
projet,1,2,2,10,10.0,58837,scatter,10,10,1.6617774724137544,0.10976410978148249,10,0,0.0,0,0,0,0.17730230513440742,8,112
pso,1,2,2,2,10.0,70625,scatter,10,10,0.794184776409611,0.6957474807155792,2,0,0.0,0,0,0,0.01904317935708434,46,256
projet,1,2,2,8,10.0,75681,scatter,10,10,1.2609229817076073,0.00733762665741369,8,0,0.0,0,0,0,0.0871012102422081,4,142
aco,1,2,2,4,10.0,11049,scatter,10,10,1.346009364597686,0.26794307743738466,4,0,0.0,0,0,0,0.3021836914362457,16,430
projet,1,2,2,1,10.0,86157,scatter,10,10,1.6787033796320505,0.02598743840140787,1,0,0.0,0,0,0,0.006750339250734204,5,206
flood_fill,1,2,2,5,10.0,6641,scatter,10,10,1.2386110126168635,0.09359412065875658,5,0,0.0,0,0,0,0.31691254551438097,10,244
flood_fill,1,2,2,9,10.0,72016,scatter,10,10,1.7643433487226654,0.13887176506659982,9,0,0.0,0,0,0,0.5573377136024468,8,114
flood_fill,1,2,2,2,10.0,24630,scatter,10,10,0.1364743808734289,0.657962916769461,2,0,0.0,0,0,0,0.025867375540469785,1556,329
aco,1,2,2,2,10.0,92967,scatter,10,10,1.6041753619558834,0.3848014109787878,2,0,0.0,0,0,0,0.10299479566783706,13,162
flood_fill,1,2,2,5,10.0,72947,scatter,10,10,0.7265918721254839,0.26706936482728233,5,0,0.0,0,0,0,0.34880264235750075,51,321
projet,1,2,2,8,10.0,27148,scatter,10,10,0.6310207579382467,0.36798153063245664,8,0,0.0,0,0,0,0.13291979574447033,71,76
pso,1,2,2,4,10.0,96461,scatter,10,10,0.2905578941178807,0.38112086107823356,4,0,0.0,0,0,0,0.07199463591583476,333,262
pso,1,2,2,2,10.0,62929,scatter,10,10,0.2316094582249517,0.28866606167663733,2,0,0.0,0,0,0,0.03896089168823749,504,280
projet,1,2,2,1,10.0,19937,scatter,10,10,1.6018613226711473,0.028063318424287397,1,0,0.0,0,0,0,0.006749846590849139,5,278
projet,1,2,2,1,10.0,52080,scatter,10,10,1.105547025009159,0.018188347531797877,1,0,0.0,0,0,0,0.006749513834344661,5,349
flood_fill,1,2,2,9,10.0,35221,scatter,10,10,0.7873601637792756,0.17762239441596642,9,0,0.0,0,0,0,0.4535315694638954,33,228
pso,1,2,2,4,10.0,59890,scatter,10,10,1.918278676267209,0.4319965402220276,4,0,0.0,0,0,0,0.04956691911193831,10,404
aco,1,2,2,3,10.0,85232,scatter,10,10,0.30222066115072294,0.47634560400686055,3,0,0.0,0,0,0,0.19078763292646808,306,438
flood_fill,1,2,2,8,10.0,34455,scatter,10,10,1.3397984269972139,0.48258126140844637,8,0,0.0,0,0,0,0.4612955204969197,17,42
aco,1,2,2,9,10.0,94309,scatter,10,10,1.006967559817977,0.770802295205772,9,0,0.0,0,0,0,0.39684911195975553,31,51
coverage,1,2,2,4,10.0,28997,scatter,10,10,1.977254344286236,0.3485235605225504,4,0,0.0,0,0,0,0.24757815591273463,10,303
coverage,1,2,2,3,10.0,89723,scatter,10,10,0.12841385484505521,0.18026703144564654,3,0,0.0,0,0,0,0.127396120335654,1097,222
pso,1,2,2,1,10.0,41506,scatter,10,10,1.5735107072085464,0.0077327687462770125,1,0,0.0,0,0,0,0.008814558979325354,4,144
coverage,1,2,2,10,10.0,45251,scatter,10,10,1.1907645058953016,0.4861441762474127,10,0,0.0,0,0,0,0.3008270489604267,23,376
aco,1,2,2,4,10.0,55570,scatter,10,10,0.990285715743158,0.001088749506181139,4,0,0.0,0,0,0,0.277090386450799,4,394
aco,1,2,2,6,10.0,69141,scatter,10,10,0.7334240815552681,0.2910025096502826,6,0,0.0,0,0,0,0.36216386467453493,53,402
aco,1,2,2,5,10.0,69257,scatter,10,10,1.843353370328855,0.5665732695455136,5,0,0.0,0,0,0,0.23763972457293867,10,176
pso,1,2,2,2,10.0,99521,scatter,10,10,1.5899465129877437,0.7676066322732532,2,0,0.0,0,0,0,0.0447461470147448,15,26
flood_fill,1,2,2,5,10.0,58506,scatter,10,10,1.6036227426141116,0.6984688482039283,5,0,0.0,0,0,0,0.26875023868850295,14,21
flood_fill,1,2,2,7,10.0,26030,scatter,10,10,1.1072949263734484,0.34587636760779744,7,0,0.0,0,0,0,0.39512534372264235,23,16
coverage,1,2,2,2,10.0,51631,scatter,10,10,0.4719909967298356,0.03869168418618328,2,0,0.0,0,0,0,0.04274942537625517,21,251
flood_fill,1,2,2,4,10.0,69882,scatter,10,10,1.4363626087019077,0.36642487148931135,4,0,0.0,0,0,0,0.18256873647380384,17,466
coverage,1,2,2,10,10.0,29464,scatter,10,10,1.6587090129442117,0.5774807637165659,10,0,0.0,0,0,0,0.45328924512914376,12,205
pso,1,2,2,8,10.0,60145,scatter,10,10,0.26096776284194817,0.1484081137553095,8,0,0.0,0,0,0,0.09815352618395766,222,81
projet,1,2,2,1,10.0,12447,scatter,10,10,0.2503240138957167,0.15404886912663462,1,0,0.0,0,0,0,0.006750260587562915,250,324
aco,1,2,2,8,10.0,67696,scatter,10,10,0.8447168754305643,0.06762318869559675,8,0,0.0,0,0,0,0.4222655901995712,13,391
projet,1,2,2,6,10.0,16300,scatter,10,10,1.3647814613283842,0.28947430515266676,6,0,0.0,0,0,0,0.08501260841700539,17,423
aco,1,2,2,5,10.0,7423,scatter,10,10,0.7986176543024595,0.6804581137091361,5,0,0.0,0,0,0,0.25114716514169816,45,102
flood_fill,1,2,2,4,10.0,50264,scatter,10,10,1.6790082727872901,0.012179751948666198,4,0,0.0,0,0,0,0.2537816725730166,4,130
pso,1,2,2,1,10.0,35027,scatter,10,10,0.8880568683023358,0.02387888707559119,1,0,0.0,0,0,0,0.006851514577083803,7,132
coverage,1,2,2,10,10.0,48507,scatter,10,10,1.6171647171574848,0.5170847338188718,10,0,0.0,0,0,0,0.4111592638629513,13,435
aco,1,2,2,7,10.0,9615,scatter,10,10,0.5373878965981495,0.21903700613273977,7,0,0.0,0,0,0,0.3474829911641696,80,372
projet,1,2,2,2,10.0,63262,scatter,10,10,1.2848168657219523,0.01765328720424051,2,0,0.0,0,0,0,0.01350025221986475,5,232
flood_fill,1,2,2,7,10.0,89538,scatter,10,10,0.3858877832473271,0.230425216077915,7,0,0.0,0,0,0,0.48469219795595453,159,406
aco,1,2,2,10,10.0,79930,scatter,10,10,1.7446238989504173,0.5419360497416446,10,0,0.0,0,0,0,0.5676283117040897,12,253
pso,1,2,2,3,10.0,40714,scatter,10,10,1.5183778760641435,0.4422196431694796,3,0,0.0,0,0,0,0.04683228089392129,14,299
flood_fill,1,2,2,7,10.0,81564,scatter,10,10,1.2754249547466234,0.027157670211143924,7,0,0.0,0,0,0,0.3488743011787372,6,139
projet,1,2,2,7,10.0,4128,scatter,10,10,1.4186804501419783,0.3632683139002991,7,0,0.0,0,0,0,0.07409251120362383,16,157
aco,1,2,2,9,10.0,90282,scatter,10,10,1.6594478143333027,0.19150921943372598,9,0,0.0,0,0,0,0.5260826208479282,11,365
aco,1,2,2,2,10.0,61886,scatter,10,10,0.26207768935940423,0.6204104694357705,2,0,0.0,0,0,0,0.14156433225426854,408,393
aco,1,2,2,10,10.0,73529,scatter,10,10,1.3889142667683911,0.06093389468688332,10,0,0.0,0,0,0,0.5177051745116761,7,267
coverage,1,2,2,7,10.0,28654,scatter,10,10,1.9622671759600847,0.037121765685339286,7,0,0.0,0,0,0,0.14000472811055892,5,68
pso,1,2,2,2,10.0,24222,scatter,10,10,0.5290295523832104,0.25212873048401263,2,0,0.0,0,0,0,0.014584396014844635,92,200
pso,1,2,2,8,10.0,4230,scatter,10,10,1.835166598669699,0.43434861176669426,8,0,0.0,0,0,0,0.10358616161872584,11,129
projet,1,2,2,2,10.0,72168,scatter,10,10,0.5307975164840439,0.10656528306635889,2,0,0.0,0,0,0,0.07766095749216034,42,211
flood_fill,1,2,2,7,10.0,77934,scatter,10,10,0.22838955544676043,0.00958877605503166,7,0,0.0,0,0,0,0.19820025299429903,22,32
projet,1,2,2,5,10.0,55316,scatter,10,10,0.31859837468270763,0.7862749450064883,5,0,0.0,0,0,0,0.03476247850123894,281,87
projet,1,2,2,9,10.0,51662,scatter,10,10,0.4307805492810143,0.02030020562644588,9,0,0.0,0,0,0,0.1076664537952762,15,65
flood_fill,1,2,2,5,10.0,40298,scatter,10,10,0.8250756483010271,0.19629710997008237,5,0,0.0,0,0,0,0.32373758275449516,33,353
aco,1,2,2,10,10.0,15527,scatter,10,10,0.4526132252249937,0.004268154328252575,10,0,0.0,0,0,0,0.6362638698123005,6,149
aco,1,2,2,7,10.0,31240,scatter,10,10,1.6585955925733658,0.15113010882742406,7,0,0.0,0,0,0,0.25731408108380965,9,447
pso,1,2,2,7,10.0,84285,scatter,10,10,1.217445951986971,0.3916115558089114,7,0,0.0,0,0,0,0.12563104401736508,21,172
flood_fill,1,2,2,10,10.0,73273,scatter,10,10,1.3078436556174107,0.6184308854964727,10,0,0.0,0,0,0,0.5847989580665279,18,264
aco,1,2,2,5,10.0,4635,scatter,10,10,0.4433607766108071,0.6761689880376696,5,0,0.0,0,0,0,0.26142998505650505,145,323
pso,1,2,2,7,10.0,95482,scatter,10,10,0.8385744251529786,0.24485626450964287,7,0,0.0,0,0,0,0.09534675207863043,39,173
coverage,1,2,2,2,10.0,92790,scatter,10,10,1.4843424864996164,0.2004445273408765,2,0,0.0,0,0,0,0.15220914777506483,13,317
projet,1,2,2,3,10.0,88574,scatter,10,10,0.37079427617669936,0.06979169307952855,3,0,0.0,0,0,0,0.02026613582994456,55,429
aco,1,2,2,1,10.0,5168,scatter,10,10,0.44583873276110464,0.578606860646558,1,0,0.0,0,0,0,0.048589414999565504,137,476
flood_fill,1,2,2,2,10.0,62446,scatter,10,10,0.31626263813061817,0.7919896287175098,2,0,0.0,0,0,0,0.09818244071239182,284,95
projet,1,2,2,1,10.0,44848,scatter,10,10,1.6076466796513633,0.3560586072730456,1,0,0.0,0,0,0,0.008327523101138486,16,382
aco,1,2,2,1,10.0,48070,scatter,10,10,1.3768541846376785,0.13881885248773712,1,0,0.0,0,0,0,0.05278088186076421,11,475
pso,1,2,2,2,10.0,3613,scatter,10,10,1.2984215752963726,0.5931463525684014,2,0,0.0,0,0,0,0.017786823318012276,17,478
projet,1,2,2,2,10.0,15862,scatter,10,10,0.6183696896964831,0.600012726837708,2,0,0.0,0,0,0,0.013500291922317898,75,421
projet,1,2,2,1,10.0,23749,scatter,10,10,0.7109864803374496,0.08169230870435562,1,0,0.0,0,0,0,0.00675022547771565,20,46
projet,1,2,2,6,10.0,41200,scatter,10,10,1.529873283107156,0.27868711486183073,6,0,0.0,0,0,0,0.11398604131007699,13,122
projet,1,2,2,4,10.0,56842,scatter,10,10,0.5244173819164609,0.03425364440060675,4,0,0.0,0,0,0,0.02699967840820969,16,470
coverage,1,2,2,7,10.0,86317,scatter,10,10,0.6239913787851661,0.44624173902922404,7,0,0.0,0,0,0,0.20316552858959983,72,123
pso,1,2,2,2,10.0,71130,scatter,10,10,1.9003253088236762,0.11789078866874979,2,0,0.0,0,0,0,0.03194573374067931,7,270
projet,1,2,2,9,10.0,81900,scatter,10,10,1.7554107372872916,0.6999038844909387,9,0,0.0,0,0,0,0.06422045261099633,13,100
aco,1,2,2,8,10.0,23804,scatter,10,10,0.8994271760267083,0.3604407534705536,8,0,0.0,0,0,0,0.37356589700553855,36,40
flood_fill,1,2,2,4,10.0,22867,scatter,10,10,1.5154336688133176,0.5897024641991261,4,0,0.0,0,0,0,0.10341982211671104,15,407
flood_fill,1,2,2,5,10.0,20581,scatter,10,10,1.0073933060101028,0.41808407668553055,5,0,0.0,0,0,0,0.311097936071542,31,48
projet,1,2,2,9,10.0,65272,scatter,10,10,1.2407878072474952,0.06437419931684531,9,0,0.0,0,0,0,0.15463196550262417,8,334
aco,1,2,2,6,10.0,10341,scatter,10,10,0.31604387709950604,0.8368294408362263,6,0,0.0,0,0,0,0.3911914548013182,291,148
coverage,1,2,2,10,10.0,71002,scatter,10,10,1.1412678827946297,0.8333992415023718,10,0,0.0,0,0,0,0.31580284415958915,21,357
pso,1,2,2,8,10.0,3139,scatter,10,10,1.1186521840464119,0.843808247901092,8,0,0.0,0,0,0,0.1067103473728323,23,307
coverage,1,2,2,7,10.0,36640,scatter,10,10,1.2099281875599657,0.5586505256361896,7,0,0.0,0,0,0,0.18165933636530704,22,265
coverage,1,2,2,8,10.0,8604,scatter,10,10,1.8056934092784283,0.6303142833663217,8,0,0.0,0,0,0,0.3957353928522479,11,111
flood_fill,1,2,2,3,10.0,13043,scatter,10,10,0.14688684233643312,0.10636527014746439,3,0,0.0,0,0,0,0.04768492872757346,497,217
pso,1,2,2,6,10.0,13847,scatter,10,10,1.5179419152525293,0.41977410258027426,6,0,0.0,0,0,0,0.11846974735778576,14,57
projet,1,2,2,3,10.0,70800,scatter,10,10,0.9900864628316915,0.4213657365369476,3,0,0.0,0,0,0,0.0202499459198267,32,363
pso,1,2,2,4,10.0,8511,scatter,10,10,0.44733018248980394,0.14906950551759518,4,0,0.0,0,0,0,0.06684525455999399,78,328
flood_fill,1,2,2,5,10.0,96998,scatter,10,10,0.25335077000735984,0.27191404555145376,5,0,0.0,0,0,0,0.34227731480661516,412,346
flood_fill,1,2,2,8,10.0,43467,scatter,10,10,1.3769633440999056,0.5282487409439955,8,0,0.0,0,0,0,0.47759732131162247,19,78
flood_fill,1,2,2,1,10.0,19919,scatter,10,10,0.8337269559161683,0.8094982959088002,1,0,0.0,0,0,0,0.07136860792393264,45,67
coverage,1,2,2,10,10.0,35818,scatter,10,10,1.181506900156176,0.004657195193157581,10,0,0.0,0,0,0,0.4539303761551178,4,375
pso,1,2,2,9,10.0,45090,scatter,10,10,1.7199440227402958,0.6332739864882941,9,0,0.0,0,0,0,0.15214683783451138,12,27
pso,1,2,2,10,10.0,58443,scatter,10,10,0.3298931527214353,0.7512042706483523,10,0,0.0,0,0,0,0.14007508950363956,264,428
pso,1,2,2,3,10.0,1865,scatter,10,10,0.9979811487394517,0.6336862981054656,3,0,0.0,0,0,0,0.025340072073239548,32,377
flood_fill,1,2,2,2,10.0,76052,scatter,10,10,0.45012855146089037,0.01738484160741433,2,0,0.0,0,0,0,0.11188285224591907,13,378
coverage,1,2,2,5,10.0,60198,scatter,10,10,0.13090338219554734,0.030049812587074908,5,0,0.0,0,0,0,0.21034493301856627,179,158
projet,1,2,2,1,10.0,56314,scatter,10,10,1.1264061741627531,0.4315268785334416,1,0,0.0,0,0,0,0.007286166207272027,24,207
aco,1,2,2,4,10.0,93397,scatter,10,10,0.32057249220150436,0.008179748233745076,4,0,0.0,0,0,0,0.19542140457331827,12,381
aco,1,2,2,3,10.0,11250,scatter,10,10,1.2395975681172335,0.28444968028839845,3,0,0.0,0,0,0,0.1869647395821512,20,453
pso,1,2,2,3,10.0,37264,scatter,10,10,1.533779481881342,0.31075619976635305,3,0,0.0,0,0,0,0.04738709529164689,15,165
pso,1,2,2,5,10.0,43164,scatter,10,10,1.7679019678049983,0.821417572363258,5,0,0.0,0,0,0,0.060931053167678495,12,350
flood_fill,1,2,2,3,10.0,98234,scatter,10,10,0.6729104471245924,0.7627521862723001,3,0,0.0,0,0,0,0.18386342281787055,63,336
pso,1,2,2,8,10.0,94867,scatter,10,10,0.6653325823765074,0.0343208113810148,8,0,0.0,0,0,0,0.10167810950225088,12,471
pso,1,2,2,7,10.0,8371,scatter,10,10,0.5940928359034899,0.2647909989641761,7,0,0.0,0,0,0,0.08985805195275606,77,288
aco,1,2,2,10,10.0,38076,scatter,10,10,0.4151431714545606,0.009592701188518713,10,0,0.0,0,0,0,0.4844014979316379,10,387
aco,1,2,2,8,10.0,80859,scatter,10,10,1.7550242045254423,0.0912122870528318,8,0,0.0,0,0,0,0.41005665694697835,7,494
aco,1,2,2,6,10.0,10154,scatter,10,10,1.892189720942511,0.5423757828258962,6,0,0.0,0,0,0,0.321700581521091,10,373
aco,1,2,2,2,10.0,12213,scatter,10,10,1.2396165629479503,0.1439394009436633,2,0,0.0,0,0,0,0.0337186207634189,13,212
coverage,1,2,2,5,10.0,61658,scatter,10,10,1.148494046783905,0.1366349654635253,5,0,0.0,0,0,0,0.26239391028317155,14,161
aco,1,2,2,5,10.0,42706,scatter,10,10,0.4360632941290674,0.06502106951988199,5,0,0.0,0,0,0,0.2942504722340222,38,187
aco,1,2,2,5,10.0,91445,scatter,10,10,1.9921157051705543,0.4259980088804694,5,0,0.0,0,0,0,0.3139088652212635,9,293
flood_fill,1,2,2,6,10.0,78009,scatter,10,10,0.8484712653233017,0.02715533323492006,6,0,0.0,0,0,0,0.23764693234281487,8,432
flood_fill,1,2,2,2,10.0,78763,scatter,10,10,0.3736049235012622,0.7048444074902706,2,0,0.0,0,0,0,0.15214756880738695,203,194
coverage,1,2,2,2,10.0,54941,scatter,10,10,0.9770794415482367,0.2898734974615971,2,0,0.0,0,0,0,0.0,30,342
flood_fill,1,2,2,1,10.0,91478,scatter,10,10,0.10676009913630957,0.03208425575900616,1,0,0.0,0,0,0,0.08614802243812679,285,159
projet,1,2,2,7,10.0,24828,scatter,10,10,1.739484051426716,0.6144284089988187,7,0,0.0,0,0,0,0.0527807516774035,10,133
coverage,1,2,2,9,10.0,35218,scatter,10,10,1.114065692382396,0.11663678792957369,9,0,0.0,0,0,0,0.32400895787294354,13,259
pso,1,2,2,7,10.0,8437,scatter,10,10,1.1271412978548991,0.4904796039961836,7,0,0.0,0,0,0,0.08125829032789697,22,318
coverage,1,2,2,7,10.0,53703,scatter,10,10,0.44731526890841833,0.7164431861101113,7,0,0.0,0,0,0,0.4015014445239373,145,19
flood_fill,1,2,2,8,10.0,20373,scatter,10,10,0.9329134659601289,0.09932231367632685,8,0,0.0,0,0,0,0.40405924730516296,15,263
flood_fill,1,2,2,2,10.0,43727,scatter,10,10,1.7539765914434846,0.12079496124999098,2,0,0.0,0,0,0,0.01597794570431342,8,449
coverage,1,2,2,5,10.0,98747,scatter,10,10,0.4521902047348265,0.04209009379279664,5,0,0.0,0,0,0,0.2226453329986687,25,92
coverage,1,2,2,6,10.0,59331,scatter,10,10,1.9987005580868553,0.06170655841892805,6,0,0.0,0,0,0,0.10180915297933714,6,426
flood_fill,1,2,2,1,10.0,57377,scatter,10,10,1.5879603345985147,0.36744499046836687,1,0,0.0,0,0,0,0.02057514758148759,13,468
flood_fill,1,2,2,9,10.0,6351,scatter,10,10,1.559934856650496,0.14931982146741668,9,0,0.0,0,0,0,0.31973102702690664,10,3
flood_fill,1,2,2,10,10.0,19028,scatter,10,10,1.2092924762476436,0.021174748746030574,10,0,0.0,0,0,0,0.54933439690833,5,152
projet,1,2,2,3,10.0,29529,scatter,10,10,1.8566547198966818,0.21888983350248617,3,0,0.0,0,0,0,0.028939903357156953,10,286
flood_fill,1,2,2,10,10.0,70189,scatter,10,10,1.9583397609730675,0.6674263393431362,10,0,0.0,0,0,0,0.562332739728771,10,143
projet,1,2,2,1,10.0,67639,scatter,10,10,1.9095460908383775,0.30314993006094937,1,0,0.0,0,0,0,0.006750290141912196,11,433
pso,1,2,2,1,10.0,60396,scatter,10,10,0.7030634803940256,0.3423802530107216,1,0,0.0,0,0,0,0.0175121902970477,59,281
aco,1,2,2,6,10.0,4735,scatter,10,10,0.5377303269062523,0.6105871002430722,6,0,0.0,0,0,0,0.34482051388373364,101,99
pso,1,2,2,1,10.0,55516,scatter,10,10,0.6915796072407575,0.25151590733672197,1,0,0.0,0,0,0,0.0071452218999836165,55,339
pso,1,2,2,3,10.0,11397,scatter,10,10,0.6719773685785299,0.5658425545961223,3,0,0.0,0,0,0,0.04700070236905708,63,174
aco,1,2,2,8,10.0,87532,scatter,10,10,0.607301436637861,0.08434369805353506,8,0,0.0,0,0,0,0.35762861590494455,27,224
aco,1,2,2,7,10.0,89153,scatter,10,10,0.44198270711860266,0.14421360270180497,7,0,0.0,0,0,0,0.27637472424246484,78,413
aco,1,2,2,6,10.0,75842,scatter,10,10,1.2833006949709331,0.20275852535258454,6,0,0.0,0,0,0,0.3193866155820562,16,245
aco,1,2,2,9,10.0,91900,scatter,10,10,1.314838468769149,0.10001029497573176,9,0,0.0,0,0,0,0.37360878228049965,10,463
aco,1,2,2,4,10.0,43467,scatter,10,10,1.4814508268704665,0.45621921014226424,4,0,0.0,0,0,0,0.2769138454880953,16,369
pso,1,2,2,8,10.0,32183,scatter,10,10,1.1535321922882609,0.23685619987478188,8,0,0.0,0,0,0,0.10434366445513789,21,69
coverage,1,2,2,8,10.0,72548,scatter,10,10,0.5055559323932045,0.018372922459578417,8,0,0.0,0,0,0,0.3391933085212066,11,140
pso,1,2,2,9,10.0,69403,scatter,10,10,0.43199804878545833,0.38277846467648124,9,0,0.0,0,0,0,0.1247728974425957,155,215
coverage,1,2,2,7,10.0,56102,scatter,10,10,1.818882457468274,0.2370614617313692,7,0,0.0,0,0,0,0.3203305624635013,11,355
aco,1,2,2,3,10.0,8960,scatter,10,10,0.3197446998237765,0.6785787009220231,3,0,0.0,0,0,0,0.2161322260712138,284,358
flood_fill,1,2,2,7,10.0,51274,scatter,10,10,1.7636237816847802,0.4189807507531337,7,0,0.0,0,0,0,0.3944572829008259,12,488
pso,1,2,2,5,10.0,65898,scatter,10,10,1.6737714490628395,0.0681588878108109,5,0,0.0,0,0,0,0.057336397884780475,6,420
flood_fill,1,2,2,8,10.0,87839,scatter,10,10,0.9267811558171943,0.8242411787153774,8,0,0.0,0,0,0,0.4949224941969945,33,37
pso,1,2,2,2,10.0,39772,scatter,10,10,0.3687720101446287,0.7786136848093388,2,0,0.0,0,0,0,0.03998525221739711,211,49
projet,1,2,2,9,10.0,61272,scatter,10,10,1.5363670373818317,0.1878759529061086,9,0,0.0,0,0,0,0.14654678964408419,12,30
aco,1,2,2,9,10.0,10472,scatter,10,10,1.8650346657254127,0.13960942377302882,9,0,0.0,0,0,0,0.35407016231749194,8,392
coverage,1,2,2,6,10.0,89970,scatter,10,10,1.6813055799744738,0.5287135783512249,6,0,0.0,0,0,0,0.18510237204881957,12,20
projet,1,2,2,5,10.0,38465,scatter,10,10,0.8799536047240818,0.27300574489596574,5,0,0.0,0,0,0,0.06668301234114724,38,181
aco,1,2,2,4,10.0,93508,scatter,10,10,1.6728130971723063,0.0033858137344238387,4,0,0.0,0,0,0,0.2689691542365595,4,467
pso,1,2,2,3,10.0,48952,scatter,10,10,1.2309767588780332,0.6273744992925592,3,0,0.0,0,0,0,0.028631822722181916,22,101
pso,1,2,2,7,10.0,40543,scatter,10,10,0.20107051787407154,0.1645915167724078,7,0,0.0,0,0,0,0.0666605328541656,411,98
aco,1,2,2,3,10.0,4790,scatter,10,10,0.5779974131702286,0.28656835804316555,3,0,0.0,0,0,0,0.1558270043243336,84,171
coverage,1,2,2,9,10.0,22459,scatter,10,10,0.3985432450467976,0.24626982035076725,9,0,0.0,0,0,0,0.45140053586524587,159,126
coverage,1,2,2,5,10.0,48246,scatter,10,10,0.746830740051301,0.02164409039381161,5,0,0.0,0,0,0,0.08335041666402429,8,383
coverage,1,2,2,3,10.0,11631,scatter,10,10,0.6903522356834048,0.6351970939178982,3,0,0.0,0,0,0,0.0,62,242
pso,1,2,2,2,10.0,4769,scatter,10,10,1.2397002031063737,0.35928523528029954,2,0,0.0,0,0,0,0.020153356675562943,22,250
projet,1,2,2,3,10.0,11633,scatter,10,10,1.8227652641277157,0.11631922198836708,3,0,0.0,0,0,0,0.02105108646785056,8,66
coverage,1,2,2,3,10.0,22244,scatter,10,10,1.666391895903029,0.0013616023342580528,3,0,0.0,0,0,0,0.11925926989211288,4,273
aco,1,2,2,2,10.0,96753,scatter,10,10,0.19169996489078397,0.36829941055011095,2,0,0.0,0,0,0,0.11691771122910555,760,497
flood_fill,1,2,2,6,10.0,44344,scatter,10,10,0.13902528204914075,0.08001773575725869,6,0,0.0,0,0,0,0.4064310029947935,418,10
flood_fill,1,2,2,7,10.0,23810,scatter,10,10,1.8594325831536203,0.016799230275939082,7,0,0.0,0,0,0,0.37391853788667523,4,325
pso,1,2,2,10,10.0,88457,scatter,10,10,1.7555741507220157,0.5125423987727142,10,0,0.0,0,0,0,0.20279736620793315,11,120
pso,1,2,2,4,10.0,82813,scatter,10,10,0.8770329756563856,0.3399556540289624,4,0,0.0,0,0,0,0.061068038754050466,36,414
coverage,1,2,2,9,10.0,45604,scatter,10,10,1.6474702614454808,0.12393664614420927,9,0,0.0,0,0,0,0.3771676046056126,9,313
flood_fill,1,2,2,5,10.0,23810,scatter,10,10,1.6345569688805013,0.09813156731619349,5,0,0.0,0,0,0,0.35029060002303375,8,80
