MAP,10,-30,30,2
MAP,10,-32,29,2
MAP,10,-30,31,2
MAP,10,-31,34,2
MAP,10,-31,27,2
MAP,10,-26,30,-1
MAP,10,-28,29,2
MAP,10,-31,35,2
MAP,10,-33,31,2
MAP,10,-31,28,2
MAP,10,-29,30,2
MAP,10,-31,29,1
MAP,10,-29,31,2
MAP,10,-33,32,2
MAP,10,-30,26,2
MAP,10,-30,33,2
MAP,10,-30,27,2
MAP,10,-32,30,2
MAP,10,-33,26,2
MAP,10,-30,34,2
MAP,10,-27,29,-1
MAP,10,-29,25,2
MAP,10,-30,28,2
MAP,10,-29,26,2
MAP,10,-30,35,2
MAP,10,-32,31,2
MAP,10,-28,30,-1
MAP,10,-33,35,2
MAP,10,-30,29,-1
MAP,10,-35,31,2
MAP,10,-33,28,2
MAP,10,-28,31,2
MAP,10,-29,27,2
MAP,10,-32,32,2
MAP,10,-32,26,2
MAP,10,-26,29,2
MAP,10,-28,32,-1
MAP,10,-31,30,2
MAP,10,-29,28,2
MAP,10,-33,29,2
MAP,10,-31,31,2
MAP,10,-27,30,1
MAP,10,-32,34,2
MAP,10,-32,28,2
MAP,10,-27,31,2
MAP,10,-32,35,2
MAP,10,-31,32,2
MAP,10,-31,25,2
MAP,20,-30,30,1
MAP,20,-32,29,2
MAP,20,-31,33,2
MAP,20,-25,29,-1
MAP,20,-31,26,2
MAP,20,-34,32,2
MAP,20,-30,31,2
MAP,20,-31,34,2
MAP,20,-31,27,2
MAP,20,-28,29,2
MAP,20,-33,30,2
MAP,20,-26,30,1
MAP,20,-31,35,2
MAP,20,-33,31,2
MAP,20,-31,28,2
MAP,20,-29,30,2
MAP,20,-26,31,2
MAP,20,-30,32,2
MAP,20,-30,25,2
MAP,20,-31,29,1
MAP,20,-33,32,2
MAP,20,-30,26,2
MAP,20,-30,33,2
MAP,20,-29,31,1
MAP,20,-34,28,2
MAP,20,-30,27,2
MAP,20,-32,30,2
MAP,20,-33,26,2
MAP,20,-30,34,2
MAP,20,-27,29,-1
MAP,20,-29,25,2
MAP,20,-25,30,-1
MAP,20,-29,32,2
MAP,20,-30,28,1
MAP,20,-29,26,2
MAP,20,-30,35,2
MAP,20,-32,31,2
MAP,20,-28,30,2
MAP,20,-33,27,2
MAP,20,-35,30,2
MAP,20,-33,35,2
MAP,20,-35,31,2
MAP,20,-33,28,2
MAP,20,-29,27,2
MAP,20,-32,32,2
MAP,20,-26,28,-1
MAP,20,-32,25,2
MAP,20,-30,29,1
MAP,20,-28,31,1
MAP,20,-32,26,2
MAP,20,-31,30,2
MAP,20,-29,28,2
MAP,20,-33,29,2
MAP,20,-35,32,2
MAP,20,-32,33,2
MAP,20,-26,29,1
MAP,20,-28,32,2
MAP,20,-31,31,2
MAP,20,-27,30,1
MAP,20,-32,34,2
MAP,20,-29,29,1
MAP,20,-35,33,2
MAP,20,-32,27,2
MAP,20,-34,30,2
MAP,20,-32,28,2
MAP,20,-27,31,2
MAP,20,-32,35,2
MAP,20,-31,25,2
MAP,20,-31,32,2
MAP,20,-34,31,2
MAP,30,-30,30,1
MAP,30,-32,29,2
MAP,30,-31,33,2
MAP,30,-25,29,-1
MAP,30,-31,26,2
MAP,30,-34,32,2
MAP,30,-28,28,2
MAP,30,-28,35,2
MAP,30,-30,31,2
MAP,30,-31,34,2
MAP,30,-31,27,2
MAP,30,-33,30,2
MAP,30,-26,30,1
MAP,30,-28,29,1
MAP,30,-31,35,2
MAP,30,-33,31,2
MAP,30,-29,30,2
MAP,30,-26,31,2
MAP,30,-30,32,2
MAP,30,-30,25,2
MAP,30,-31,28,1
MAP,30,-31,29,1
MAP,30,-33,32,2
MAP,30,-30,26,2
MAP,30,-30,33,2
MAP,30,-29,31,1
MAP,30,-34,28,2
MAP,30,-27,28,-1
MAP,30,-30,27,2
MAP,30,-32,30,2
MAP,30,-33,26,2
MAP,30,-30,34,2
MAP,30,-27,29,-1
MAP,30,-29,25,2
MAP,30,-25,30,-1
MAP,30,-29,32,1
MAP,30,-34,29,2
MAP,30,-30,28,1
MAP,30,-29,26,2
MAP,30,-30,35,2
MAP,30,-32,31,2
MAP,30,-28,30,2
MAP,30,-33,27,2
MAP,30,-35,30,2
MAP,30,-29,33,2
MAP,30,-26,27,-1
MAP,30,-33,34,2
MAP,30,-33,35,2
MAP,30,-35,31,2
MAP,30,-33,28,2
MAP,30,-29,27,2
MAP,30,-32,32,2
MAP,30,-32,25,2
MAP,30,-30,29,1
MAP,30,-28,31,1
MAP,30,-26,28,1
MAP,30,-32,26,2
MAP,30,-31,30,2
MAP,30,-29,28,1
MAP,30,-33,29,2
MAP,30,-35,32,2
MAP,30,-32,33,2
MAP,30,-28,32,2
MAP,30,-29,35,2
MAP,30,-26,29,1
MAP,30,-31,31,2
MAP,30,-27,30,1
MAP,30,-32,34,2
MAP,30,-29,29,1
MAP,30,-35,33,2
MAP,30,-32,27,2
MAP,30,-34,30,2
MAP,30,-32,28,2
MAP,30,-27,31,2
MAP,30,-32,35,2
MAP,30,-31,25,2
MAP,30,-31,32,2
MAP,30,-34,31,2
MAP,40,-31,33,2
MAP,40,-25,29,-1
MAP,40,-31,26,2
MAP,40,-34,32,2
MAP,40,-28,28,1
MAP,40,-28,35,2
MAP,40,-30,30,1
MAP,40,-32,29,1
MAP,40,-27,25,2
MAP,40,-35,28,2
MAP,40,-27,32,2
MAP,40,-31,34,2
MAP,40,-31,27,2
MAP,40,-33,30,2
MAP,40,-26,30,1
MAP,40,-28,29,1
MAP,40,-35,29,2
MAP,40,-27,26,2
MAP,40,-30,31,1
MAP,40,-31,35,2
MAP,40,-33,31,2
MAP,40,-29,30,2
MAP,40,-30,32,2
MAP,40,-30,25,2
MAP,40,-31,28,1
MAP,40,-27,27,2
MAP,40,-26,31,1
MAP,40,-31,29,1
MAP,40,-33,32,2
MAP,40,-30,26,2
MAP,40,-30,33,2
MAP,40,-29,31,1
MAP,40,-34,28,2
MAP,40,-26,32,-1
MAP,40,-27,28,2
MAP,40,-30,27,2
MAP,40,-32,30,2
MAP,40,-33,26,2
MAP,40,-30,34,2
MAP,40,-29,25,2
MAP,40,-25,30,-1
MAP,40,-29,32,1
MAP,40,-34,29,2
MAP,40,-27,29,1
MAP,40,-26,26,2
MAP,40,-29,26,2
MAP,40,-30,35,2
MAP,40,-32,31,2
MAP,40,-28,30,2
MAP,40,-33,27,2
MAP,40,-35,30,2
MAP,40,-29,33,2
MAP,40,-33,34,2
MAP,40,-30,28,1
MAP,40,-26,27,2
MAP,40,-33,35,2
MAP,40,-35,31,2
MAP,40,-33,28,2
MAP,40,-29,27,2
MAP,40,-32,32,2
MAP,40,-32,25,2
MAP,40,-28,31,1
MAP,40,-26,28,1
MAP,40,-30,29,1
MAP,40,-29,34,2
MAP,40,-32,26,2
MAP,40,-31,30,2
MAP,40,-29,28,1
MAP,40,-33,29,2
MAP,40,-35,32,2
MAP,40,-32,33,2
MAP,40,-29,35,2
MAP,40,-26,29,1
MAP,40,-25,26,2
MAP,40,-28,32,1
MAP,40,-32,34,2
MAP,40,-35,33,2
MAP,40,-32,27,2
MAP,40,-34,30,2
MAP,40,-28,33,2
MAP,40,-28,26,2
MAP,40,-31,31,1
MAP,40,-29,29,1
MAP,40,-27,30,1
MAP,40,-32,28,2
MAP,40,-32,35,2
MAP,40,-31,25,2
MAP,40,-31,32,2
MAP,40,-34,31,2
MAP,40,-25,28,-1
MAP,40,-28,27,2
MAP,40,-27,31,1
MAP,40,-35,27,2
MAP,50,-31,33,2
MAP,50,-25,29,-1
MAP,50,-31,26,2
MAP,50,-34,32,2
MAP,50,-28,28,1
MAP,50,-28,35,2
MAP,50,-30,30,1
MAP,50,-32,29,1
MAP,50,-27,25,2
MAP,50,-35,28,2
MAP,50,-27,32,2
MAP,50,-31,34,2
MAP,50,-31,27,2
MAP,50,-33,30,2
MAP,50,-35,29,2
MAP,50,-27,26,2
MAP,50,-30,31,1
MAP,50,-26,30,1
MAP,50,-28,29,1
MAP,50,-31,35,2
MAP,50,-33,31,2
MAP,50,-29,30,2
MAP,50,-30,32,2
MAP,50,-30,25,2
MAP,50,-31,28,1
MAP,50,-27,27,2
MAP,50,-26,31,1
MAP,50,-33,32,2
MAP,50,-30,26,2
MAP,50,-30,33,2
MAP,50,-29,31,1
MAP,50,-34,28,2
MAP,50,-33,25,2
MAP,50,-26,25,2
MAP,50,-27,28,1
MAP,50,-26,32,1
MAP,50,-31,29,1
MAP,50,-30,27,2
MAP,50,-32,30,2
MAP,50,-33,26,2
MAP,50,-30,34,2
MAP,50,-29,25,2
MAP,50,-25,30,-1
MAP,50,-29,32,1
MAP,50,-34,29,2
MAP,50,-27,29,1
MAP,50,-26,26,2
MAP,50,-26,33,-1
MAP,50,-29,26,2
MAP,50,-30,35,2
MAP,50,-32,31,2
MAP,50,-28,30,2
MAP,50,-33,27,2
MAP,50,-35,30,2
MAP,50,-29,33,2
MAP,50,-33,34,2
MAP,50,-30,28,1
MAP,50,-26,27,2
MAP,50,-25,31,-1
MAP,50,-33,35,2
MAP,50,-35,31,2
MAP,50,-33,28,2
MAP,50,-29,27,2
MAP,50,-32,32,2
MAP,50,-32,25,2
MAP,50,-26,28,1
MAP,50,-30,29,1
MAP,50,-29,34,2
MAP,50,-25,32,-1
MAP,50,-28,31,1
MAP,50,-32,26,2
MAP,50,-29,28,1
MAP,50,-33,29,2
MAP,50,-35,32,2
MAP,50,-32,33,2
MAP,50,-29,35,2
MAP,50,-26,29,1
MAP,50,-25,26,2
MAP,50,-28,32,1
MAP,50,-28,25,2
MAP,50,-31,30,1
MAP,50,-25,33,-1
MAP,50,-32,34,2
MAP,50,-35,33,2
MAP,50,-32,27,2
MAP,50,-34,30,2
MAP,50,-28,33,2
MAP,50,-28,26,2
MAP,50,-27,30,1
MAP,50,-29,29,1
MAP,50,-31,31,1
MAP,50,-32,35,2
MAP,50,-31,25,2
MAP,50,-31,32,2
MAP,50,-34,31,2
MAP,50,-25,28,-1
MAP,50,-28,27,2
MAP,50,-27,31,1
MAP,50,-35,27,2
MAP,50,-32,28,1
MAP,50,-24,32,-1
MAP,50,-28,34,2
MAP,60,-31,33,2
MAP,60,-31,26,2
MAP,60,-34,32,2
MAP,60,-28,28,1
MAP,60,-28,35,2
MAP,60,-30,30,1
MAP,60,-32,29,1
MAP,60,-27,25,2
MAP,60,-35,28,2
MAP,60,-27,32,2
MAP,60,-25,29,2
MAP,60,-31,34,2
MAP,60,-31,27,2
MAP,60,-33,30,2
MAP,60,-35,29,2
MAP,60,-27,26,2
MAP,60,-30,31,1
MAP,60,-28,29,1
MAP,60,-26,30,1
MAP,60,-24,34,2
MAP,60,-23,31,-1
MAP,60,-31,35,2
MAP,60,-33,31,2
MAP,60,-30,32,2
MAP,60,-30,25,2
MAP,60,-31,28,1
MAP,60,-27,27,2
MAP,60,-26,31,1
MAP,60,-24,35,2
MAP,60,-29,30,1
MAP,60,-34,27,2
MAP,60,-33,32,2
MAP,60,-30,26,2
MAP,60,-30,33,2
MAP,60,-29,31,1
MAP,60,-34,28,2
MAP,60,-33,25,2
MAP,60,-26,25,2
MAP,60,-27,28,1
MAP,60,-26,32,1
MAP,60,-31,29,1
MAP,60,-30,27,2
MAP,60,-33,26,2
MAP,60,-30,34,2
MAP,60,-29,25,2
MAP,60,-34,29,2
MAP,60,-27,29,1
MAP,60,-26,26,2
MAP,60,-26,33,-1
MAP,60,-25,30,1
MAP,60,-23,34,2
MAP,60,-32,30,1
MAP,60,-29,32,1
MAP,60,-29,26,2
MAP,60,-30,35,2
MAP,60,-28,30,2
MAP,60,-33,27,2
MAP,60,-35,30,2
MAP,60,-29,33,2
MAP,60,-33,34,2
MAP,60,-30,28,1
MAP,60,-26,27,2
MAP,60,-26,34,2
MAP,60,-32,31,1
MAP,60,-25,31,1
MAP,60,-23,35,2
MAP,60,-33,35,2
MAP,60,-35,31,2
MAP,60,-33,28,2
MAP,60,-29,27,2
MAP,60,-32,32,2
MAP,60,-32,25,2
MAP,60,-26,28,1
MAP,60,-29,34,2
MAP,60,-25,32,1
MAP,60,-28,31,1
MAP,60,-30,29,1
MAP,60,-32,26,2
MAP,60,-29,28,1
MAP,60,-33,29,2
MAP,60,-35,32,2
MAP,60,-32,33,2
MAP,60,-29,35,2
MAP,60,-25,26,2
MAP,60,-28,32,1
MAP,60,-28,25,2
MAP,60,-31,30,1
MAP,60,-25,33,-1
MAP,60,-24,30,-1
MAP,60,-26,29,1
MAP,60,-32,34,2
MAP,60,-35,33,2
MAP,60,-32,27,2
MAP,60,-34,30,2
MAP,60,-28,33,2
MAP,60,-28,26,2
MAP,60,-27,30,1
MAP,60,-29,29,1
MAP,60,-31,31,1
MAP,60,-25,34,2
MAP,60,-24,31,1
MAP,60,-32,35,2
MAP,60,-31,25,2
MAP,60,-31,32,2
MAP,60,-34,31,2
MAP,60,-25,28,-1
MAP,60,-28,27,2
MAP,60,-35,27,2
MAP,60,-28,34,2
MAP,60,-27,31,1
MAP,60,-32,28,1
MAP,60,-25,35,2
MAP,60,-24,32,2
MAP,70,-31,33,2
MAP,70,-31,26,2
MAP,70,-34,32,2
MAP,70,-28,28,1
MAP,70,-28,35,2
MAP,70,-32,29,1
MAP,70,-27,25,2
MAP,70,-35,28,2
MAP,70,-27,32,2
MAP,70,-25,29,2
MAP,70,-24,33,2
MAP,70,-30,30,1
MAP,70,-23,30,1
MAP,70,-31,34,2
MAP,70,-31,27,2
MAP,70,-33,30,2
MAP,70,-35,29,2
MAP,70,-27,26,2
MAP,70,-30,31,1
MAP,70,-28,29,1
MAP,70,-26,30,1
MAP,70,-24,34,2
MAP,70,-23,31,-1
MAP,70,-34,33,2
MAP,70,-31,35,2
MAP,70,-33,31,2
MAP,70,-30,32,2
MAP,70,-30,25,2
MAP,70,-31,28,1
MAP,70,-27,27,2
MAP,70,-26,31,1
MAP,70,-24,35,2
MAP,70,-29,30,1
MAP,70,-34,27,2
MAP,70,-33,32,2
MAP,70,-30,26,2
MAP,70,-30,33,2
MAP,70,-34,28,2
MAP,70,-33,25,2
MAP,70,-26,25,2
MAP,70,-27,28,1
MAP,70,-26,32,1
MAP,70,-31,29,1
MAP,70,-23,33,2
MAP,70,-29,31,1
MAP,70,-24,29,-1
MAP,70,-22,30,-1
MAP,70,-30,27,2
MAP,70,-33,26,2
MAP,70,-30,34,2
MAP,70,-29,25,2
MAP,70,-34,29,2
MAP,70,-27,29,1
MAP,70,-26,26,2
MAP,70,-26,33,-1
MAP,70,-23,34,2
MAP,70,-32,30,1
MAP,70,-29,32,1
MAP,70,-25,30,1
MAP,70,-29,26,2
MAP,70,-30,35,2
MAP,70,-28,30,2
MAP,70,-33,27,2
MAP,70,-35,30,2
MAP,70,-29,33,2
MAP,70,-33,34,2
MAP,70,-30,28,1
MAP,70,-26,27,2
MAP,70,-26,34,2
MAP,70,-32,31,1
MAP,70,-25,31,1
MAP,70,-23,35,2
MAP,70,-33,35,2
MAP,70,-35,31,2
MAP,70,-33,28,2
MAP,70,-29,27,2
MAP,70,-32,32,2
MAP,70,-32,25,2
MAP,70,-26,28,1
MAP,70,-29,34,2
MAP,70,-25,32,1
MAP,70,-28,31,1
MAP,70,-30,29,1
MAP,70,-23,29,-1
MAP,70,-32,26,2
MAP,70,-29,28,1
MAP,70,-33,29,2
MAP,70,-35,32,2
MAP,70,-32,33,2
MAP,70,-29,35,2
MAP,70,-25,26,2
MAP,70,-28,25,2
MAP,70,-31,30,1
MAP,70,-26,29,1
MAP,70,-25,33,2
MAP,70,-28,32,1
MAP,70,-24,30,1
MAP,70,-32,34,2
MAP,70,-35,33,2
MAP,70,-32,27,2
MAP,70,-34,30,2
MAP,70,-28,33,2
MAP,70,-28,26,2
MAP,70,-27,30,1
MAP,70,-31,31,1
MAP,70,-25,34,2
MAP,70,-29,29,1
MAP,70,-24,31,1
MAP,70,-32,35,2
MAP,70,-31,25,2
MAP,70,-31,32,2
MAP,70,-34,31,2
MAP,70,-25,28,-1
MAP,70,-28,27,2
MAP,70,-35,27,2
MAP,70,-28,34,2
MAP,70,-32,28,1
MAP,70,-25,35,2
MAP,70,-24,32,2
MAP,70,-27,31,1
MAP,80,-31,33,2
MAP,80,-31,26,2
MAP,80,-34,32,2
MAP,80,-28,28,1
MAP,80,-28,35,2
MAP,80,-32,29,1
MAP,80,-27,25,2
MAP,80,-35,28,2
MAP,80,-27,32,2
MAP,80,-25,29,2
MAP,80,-24,33,2
MAP,80,-30,30,1
MAP,80,-23,30,1
MAP,80,-31,34,2
MAP,80,-31,27,2
MAP,80,-33,30,2
MAP,80,-35,29,2
MAP,80,-27,26,2
MAP,80,-30,31,1
MAP,80,-28,29,1
MAP,80,-26,30,1
MAP,80,-24,34,2
MAP,80,-23,31,-1
MAP,80,-34,33,2
MAP,80,-31,35,2
MAP,80,-33,31,2
MAP,80,-30,32,2
MAP,80,-30,25,2
MAP,80,-27,27,2
MAP,80,-26,31,1
MAP,80,-24,35,2
MAP,80,-29,30,1
MAP,80,-34,27,2
MAP,80,-31,28,1
MAP,80,-27,34,2
MAP,80,-23,32,1
MAP,80,-33,32,2
MAP,80,-30,26,2
MAP,80,-30,33,2
MAP,80,-34,28,2
MAP,80,-33,25,2
MAP,80,-26,25,2
MAP,80,-27,28,1
MAP,80,-23,33,2
MAP,80,-29,31,1
MAP,80,-24,29,-1
MAP,80,-22,30,-1
MAP,80,-31,29,1
MAP,80,-27,35,2
MAP,80,-26,32,1
MAP,80,-30,27,2
MAP,80,-33,26,2
MAP,80,-30,34,2
MAP,80,-29,25,2
MAP,80,-34,29,2
MAP,80,-27,29,1
MAP,80,-26,26,2
MAP,80,-26,33,-1
MAP,80,-23,34,2
MAP,80,-32,30,1
MAP,80,-29,32,1
MAP,80,-25,30,1
MAP,80,-22,31,-1
MAP,80,-29,26,2
MAP,80,-30,35,2
MAP,80,-28,30,2
MAP,80,-33,27,2
MAP,80,-35,30,2
MAP,80,-29,33,2
MAP,80,-33,34,2
MAP,80,-26,27,2
MAP,80,-26,34,2
MAP,80,-32,31,1
MAP,80,-25,31,1
MAP,80,-23,35,2
MAP,80,-22,32,-1
MAP,80,-30,28,1
MAP,80,-33,35,2
MAP,80,-35,31,2
MAP,80,-33,28,2
MAP,80,-29,27,2
MAP,80,-32,32,2
MAP,80,-32,25,2
MAP,80,-26,28,1
MAP,80,-29,34,2
MAP,80,-25,32,1
MAP,80,-28,31,1
MAP,80,-30,29,1
MAP,80,-23,29,-1
MAP,80,-21,30,2
MAP,80,-32,26,2
MAP,80,-29,28,1
MAP,80,-33,29,2
MAP,80,-35,32,2
MAP,80,-32,33,2
MAP,80,-29,35,2
MAP,80,-25,26,2
MAP,80,-28,25,2
MAP,80,-31,30,1
MAP,80,-26,29,1
MAP,80,-25,33,2
MAP,80,-28,32,1
MAP,80,-22,34,2
MAP,80,-24,30,1
MAP,80,-32,34,2
MAP,80,-35,33,2
MAP,80,-32,27,2
MAP,80,-34,30,2
MAP,80,-28,33,2
MAP,80,-28,26,2
MAP,80,-27,30,1
MAP,80,-31,31,1
MAP,80,-25,34,2
MAP,80,-24,31,1
MAP,80,-29,29,1
MAP,80,-32,35,2
MAP,80,-31,25,2
MAP,80,-31,32,2
MAP,80,-34,31,2
MAP,80,-25,28,-1
MAP,80,-28,27,2
MAP,80,-35,27,2
MAP,80,-28,34,2
MAP,80,-32,28,1
MAP,80,-25,35,2
MAP,80,-24,32,2
MAP,80,-27,31,1
MAP,80,-22,29,-1
MAP,90,-31,33,2
MAP,90,-31,26,2
MAP,90,-34,32,2
MAP,90,-28,28,1
MAP,90,-28,35,2
MAP,90,-27,25,2
MAP,90,-35,28,2
MAP,90,-27,32,2
MAP,90,-25,29,2
MAP,90,-24,33,2
MAP,90,-30,30,1
MAP,90,-23,30,1
MAP,90,-32,29,1
MAP,90,-31,34,2
MAP,90,-31,27,2
MAP,90,-33,30,2
MAP,90,-35,29,2
MAP,90,-27,26,2
MAP,90,-30,31,1
MAP,90,-28,29,1
MAP,90,-26,30,1
MAP,90,-24,34,2
MAP,90,-23,31,-1
MAP,90,-34,33,2
MAP,90,-31,35,2
MAP,90,-33,31,2
MAP,90,-30,32,2
MAP,90,-30,25,2
MAP,90,-27,27,2
MAP,90,-26,31,1
MAP,90,-24,35,2
MAP,90,-34,27,2
MAP,90,-31,28,1
MAP,90,-27,34,2
MAP,90,-23,32,1
MAP,90,-21,29,-1
MAP,90,-29,30,1
MAP,90,-33,32,2
MAP,90,-30,26,2
MAP,90,-30,33,2
MAP,90,-34,28,2
MAP,90,-33,25,2
MAP,90,-26,25,2
MAP,90,-27,28,1
MAP,90,-23,33,2
MAP,90,-29,31,1
MAP,90,-24,29,-1
MAP,90,-31,29,1
MAP,90,-27,35,2
MAP,90,-26,32,1
MAP,90,-22,30,1
MAP,90,-30,27,2
MAP,90,-33,26,2
MAP,90,-30,34,2
MAP,90,-29,25,2
MAP,90,-34,29,2
MAP,90,-27,29,1
MAP,90,-26,26,2
MAP,90,-26,33,-1
MAP,90,-23,34,2
MAP,90,-29,32,1
MAP,90,-25,30,1
MAP,90,-32,30,1
MAP,90,-22,31,1
MAP,90,-29,26,2
MAP,90,-30,35,2
MAP,90,-28,30,2
MAP,90,-33,27,2
MAP,90,-35,30,2
MAP,90,-29,33,2
MAP,90,-33,34,2
MAP,90,-26,27,2
MAP,90,-26,34,2
MAP,90,-25,31,1
MAP,90,-23,35,2
MAP,90,-22,32,1
MAP,90,-32,31,1
MAP,90,-30,28,1
MAP,90,-33,35,2
MAP,90,-35,31,2
MAP,90,-33,28,2
MAP,90,-29,27,2
MAP,90,-32,32,2
MAP,90,-32,25,2
MAP,90,-26,28,1
MAP,90,-29,34,2
MAP,90,-28,31,1
MAP,90,-30,29,1
MAP,90,-23,29,-1
MAP,90,-22,33,-1
MAP,90,-26,35,2
MAP,90,-21,30,1
MAP,90,-25,32,1
MAP,90,-32,26,2
MAP,90,-29,28,1
MAP,90,-33,29,2
MAP,90,-35,32,2
MAP,90,-32,33,2
MAP,90,-29,35,2
MAP,90,-25,26,2
MAP,90,-28,25,2
MAP,90,-26,29,1
MAP,90,-25,33,2
MAP,90,-22,34,2
MAP,90,-24,30,1
MAP,90,-28,32,1
MAP,90,-31,30,1
MAP,90,-21,31,-1
MAP,90,-32,34,2
MAP,90,-35,33,2
MAP,90,-32,27,2
MAP,90,-34,30,2
MAP,90,-28,33,2
MAP,90,-28,26,2
MAP,90,-27,30,1
MAP,90,-31,31,1
MAP,90,-25,34,2
MAP,90,-24,31,1
MAP,90,-29,29,1
MAP,90,-21,32,-1
MAP,90,-32,35,2
MAP,90,-31,25,2
MAP,90,-31,32,2
MAP,90,-34,31,2
MAP,90,-25,28,-1
MAP,90,-28,27,2
MAP,90,-35,27,2
MAP,90,-28,34,2
MAP,90,-32,28,1
MAP,90,-25,35,2
MAP,90,-24,32,2
MAP,90,-27,31,1
MAP,90,-22,29,-1
MAP,90,-20,30,-1
MAP,100,-31,33,2
MAP,100,-31,26,2
MAP,100,-34,32,2
MAP,100,-28,28,1
MAP,100,-28,35,2
MAP,100,-27,25,2
MAP,100,-35,28,2
MAP,100,-27,32,2
MAP,100,-25,29,2
MAP,100,-24,33,2
MAP,100,-30,30,1
MAP,100,-23,30,1
MAP,100,-32,29,1
MAP,100,-20,31,-1
MAP,100,-31,34,2
MAP,100,-31,27,2
MAP,100,-33,30,2
MAP,100,-35,29,2
MAP,100,-27,26,2
MAP,100,-30,31,1
MAP,100,-28,29,1
MAP,100,-26,30,1
MAP,100,-24,34,2
MAP,100,-23,31,-1
MAP,100,-34,33,2
MAP,100,-19,30,-1
MAP,100,-31,35,2
MAP,100,-33,31,2
MAP,100,-30,32,2
MAP,100,-30,25,2
MAP,100,-27,27,2
MAP,100,-26,31,1
MAP,100,-24,35,2
MAP,100,-34,27,2
MAP,100,-31,28,1
MAP,100,-27,34,2
MAP,100,-23,32,1
MAP,100,-21,29,-1
MAP,100,-29,30,1
MAP,100,-34,34,2
MAP,100,-33,32,2
MAP,100,-30,26,2
MAP,100,-30,33,2
MAP,100,-34,28,2
MAP,100,-33,25,2
MAP,100,-26,25,2
MAP,100,-27,28,1
MAP,100,-23,33,2
MAP,100,-29,31,1
MAP,100,-24,29,-1
MAP,100,-31,29,1
MAP,100,-27,35,2
MAP,100,-26,32,1
MAP,100,-22,30,1
MAP,100,-30,27,2
MAP,100,-33,26,2
MAP,100,-30,34,2
MAP,100,-29,25,2
MAP,100,-34,29,2
MAP,100,-27,29,1
MAP,100,-26,26,2
MAP,100,-26,33,-1
MAP,100,-23,34,2
MAP,100,-25,30,1
MAP,100,-32,30,1
MAP,100,-22,31,1
MAP,100,-29,32,1
MAP,100,-29,26,2
MAP,100,-30,35,2
MAP,100,-33,27,2
MAP,100,-35,30,2
MAP,100,-29,33,2
MAP,100,-33,34,2
MAP,100,-26,27,2
MAP,100,-26,34,2
MAP,100,-23,35,2
MAP,100,-22,32,1
MAP,100,-32,31,1
MAP,100,-25,31,1
MAP,100,-30,28,1
MAP,100,-20,29,-1
MAP,100,-28,30,1
MAP,100,-33,35,2
MAP,100,-35,31,2
MAP,100,-33,28,2
MAP,100,-29,27,2
MAP,100,-32,32,2
MAP,100,-32,25,2
MAP,100,-26,28,1
MAP,100,-29,34,2
MAP,100,-28,31,1
MAP,100,-23,29,-1
MAP,100,-22,33,-1
MAP,100,-26,35,2
MAP,100,-25,32,1
MAP,100,-21,30,1
MAP,100,-30,29,1
MAP,100,-32,26,2
MAP,100,-29,28,1
MAP,100,-33,29,2
MAP,100,-35,32,2
MAP,100,-32,33,2
MAP,100,-29,35,2
MAP,100,-25,26,2
MAP,100,-28,25,2
MAP,100,-26,29,1
MAP,100,-25,33,2
MAP,100,-22,34,2
MAP,100,-24,30,1
MAP,100,-28,32,1
MAP,100,-31,30,1
MAP,100,-21,31,1
MAP,100,-19,29,2
MAP,100,-32,34,2
MAP,100,-35,33,2
MAP,100,-32,27,2
MAP,100,-34,30,2
MAP,100,-28,33,2
MAP,100,-28,26,2
MAP,100,-27,30,1
MAP,100,-31,31,1
MAP,100,-25,34,2
MAP,100,-29,29,1
MAP,100,-21,32,-1
MAP,100,-22,28,-1
MAP,100,-24,31,1
MAP,100,-32,35,2
MAP,100,-31,25,2
MAP,100,-31,32,2
MAP,100,-34,31,2
MAP,100,-25,28,-1
MAP,100,-28,27,2
MAP,100,-35,27,2
MAP,100,-28,34,2
MAP,100,-32,28,1
MAP,100,-25,35,2
MAP,100,-24,32,2
MAP,100,-27,31,1
MAP,100,-22,29,1
MAP,100,-20,30,1
MAP,110,-31,33,2
MAP,110,-31,26,2
MAP,110,-34,32,2
MAP,110,-28,28,1
MAP,110,-28,35,2
MAP,110,-27,25,2
MAP,110,-35,28,2
MAP,110,-27,32,2
MAP,110,-25,29,2
MAP,110,-24,33,2
MAP,110,-23,30,1
MAP,110,-32,29,1
MAP,110,-18,29,2
MAP,110,-30,30,1
MAP,110,-20,31,1
MAP,110,-31,34,2
MAP,110,-31,27,2
MAP,110,-33,30,2
MAP,110,-35,29,2
MAP,110,-27,26,2
MAP,110,-30,31,1
MAP,110,-26,30,1
MAP,110,-24,34,2
MAP,110,-34,33,2
MAP,110,-28,29,1
MAP,110,-23,31,1
MAP,110,-21,28,-1
MAP,110,-19,30,1
MAP,110,-20,32,2
MAP,110,-31,35,2
MAP,110,-33,31,2
MAP,110,-30,32,2
MAP,110,-30,25,2
MAP,110,-27,27,2
MAP,110,-26,31,1
MAP,110,-24,35,2
MAP,110,-34,27,2
MAP,110,-31,28,1
MAP,110,-27,34,2
MAP,110,-21,29,-1
MAP,110,-34,34,2
MAP,110,-19,31,1
MAP,110,-29,30,1
MAP,110,-23,25,2
MAP,110,-23,32,1
MAP,110,-33,32,2
MAP,110,-30,26,2
MAP,110,-30,33,2
MAP,110,-34,28,2
MAP,110,-33,25,2
MAP,110,-26,25,2
MAP,110,-27,28,1
MAP,110,-23,33,2
MAP,110,-29,31,1
MAP,110,-24,29,-1
MAP,110,-31,29,1
MAP,110,-27,35,2
MAP,110,-26,32,1
MAP,110,-22,30,1
MAP,110,-19,32,-1
MAP,110,-30,27,2
MAP,110,-33,26,2
MAP,110,-30,34,2
MAP,110,-29,25,2
MAP,110,-34,29,2
MAP,110,-26,26,2
MAP,110,-26,33,-1
MAP,110,-23,34,2
MAP,110,-25,30,1
MAP,110,-22,31,1
MAP,110,-29,32,1
MAP,110,-18,30,-1
MAP,110,-32,30,1
MAP,110,-27,29,1
MAP,110,-29,26,2
MAP,110,-30,35,2
MAP,110,-33,27,2
MAP,110,-35,30,2
MAP,110,-29,33,2
MAP,110,-33,34,2
MAP,110,-26,27,2
MAP,110,-26,34,2
MAP,110,-23,35,2
MAP,110,-22,32,1
MAP,110,-32,31,1
MAP,110,-25,31,1
MAP,110,-30,28,1
MAP,110,-20,29,-1
MAP,110,-28,30,1
MAP,110,-23,28,-1
MAP,110,-18,31,-1
MAP,110,-33,35,2
MAP,110,-35,31,2
MAP,110,-33,28,2
MAP,110,-29,27,2
MAP,110,-32,32,2
MAP,110,-32,25,2
MAP,110,-26,28,1
MAP,110,-29,34,2
MAP,110,-28,31,1
MAP,110,-23,29,-1
MAP,110,-22,33,-1
MAP,110,-26,35,2
MAP,110,-25,32,1
MAP,110,-21,30,1
MAP,110,-30,29,1
MAP,110,-22,26,2
MAP,110,-32,26,2
MAP,110,-29,28,1
MAP,110,-33,29,2
MAP,110,-35,32,2
MAP,110,-32,33,2
MAP,110,-29,35,2
MAP,110,-25,26,2
MAP,110,-28,25,2
MAP,110,-26,29,1
MAP,110,-25,33,2
MAP,110,-22,34,2
MAP,110,-24,30,1
MAP,110,-28,32,1
MAP,110,-31,30,1
MAP,110,-21,31,1
MAP,110,-19,29,2
MAP,110,-22,27,-1
MAP,110,-32,34,2
MAP,110,-35,33,2
MAP,110,-32,27,2
MAP,110,-34,30,2
MAP,110,-28,33,2
MAP,110,-28,26,2
MAP,110,-27,30,1
MAP,110,-31,31,1
MAP,110,-25,34,2
MAP,110,-29,29,1
MAP,110,-24,31,1
MAP,110,-21,25,2
MAP,110,-22,28,1
MAP,110,-21,32,2
MAP,110,-32,35,2
MAP,110,-31,25,2
MAP,110,-34,31,2
MAP,110,-25,28,-1
MAP,110,-28,27,2
MAP,110,-35,27,2
MAP,110,-28,34,2
MAP,110,-32,28,1
MAP,110,-25,35,2
MAP,110,-24,32,2
MAP,110,-27,31,1
MAP,110,-20,30,1
MAP,110,-22,29,1
MAP,110,-31,32,1
MAP,110,-21,26,2
MAP,120,-31,33,2
MAP,120,-31,26,2
MAP,120,-34,32,2
MAP,120,-28,28,1
MAP,120,-28,35,2
MAP,120,-27,25,2
MAP,120,-35,28,2
MAP,120,-27,32,2
MAP,120,-25,29,2
MAP,120,-24,33,2
MAP,120,-23,30,1
MAP,120,-32,29,1
MAP,120,-18,29,2
MAP,120,-30,30,1
MAP,120,-20,31,1
MAP,120,-31,34,2
MAP,120,-31,27,2
MAP,120,-33,30,2
MAP,120,-35,29,2
MAP,120,-27,26,2
MAP,120,-26,30,1
MAP,120,-24,34,2
MAP,120,-34,33,2
MAP,120,-28,29,1
MAP,120,-23,31,1
MAP,120,-21,28,-1
MAP,120,-19,30,1
MAP,120,-20,32,2
MAP,120,-21,35,2
MAP,120,-30,31,1
MAP,120,-17,34,2
MAP,120,-31,35,2
MAP,120,-33,31,2
MAP,120,-30,32,2
MAP,120,-30,25,2
MAP,120,-27,27,2
MAP,120,-26,31,1
MAP,120,-24,35,2
MAP,120,-34,27,2
MAP,120,-31,28,1
MAP,120,-27,34,2
MAP,120,-21,29,-1
MAP,120,-34,34,2
MAP,120,-29,30,1
MAP,120,-23,25,2
MAP,120,-23,32,1
MAP,120,-19,31,1
MAP,120,-20,33,2
MAP,120,-33,32,2
MAP,120,-30,26,2
MAP,120,-30,33,2
MAP,120,-34,28,2
MAP,120,-33,25,2
MAP,120,-26,25,2
MAP,120,-27,28,1
MAP,120,-23,33,2
MAP,120,-24,29,-1
MAP,120,-31,29,1
MAP,120,-27,35,2
MAP,120,-26,32,1
MAP,120,-22,30,1
MAP,120,-19,32,1
MAP,120,-29,31,1
MAP,120,-30,27,2
MAP,120,-33,26,2
MAP,120,-30,34,2
MAP,120,-29,25,2
MAP,120,-34,29,2
MAP,120,-26,26,2
MAP,120,-26,33,-1
MAP,120,-23,34,2
MAP,120,-25,30,1
MAP,120,-22,31,1
MAP,120,-29,32,1
MAP,120,-32,30,1
MAP,120,-18,30,1
MAP,120,-27,29,1
MAP,120,-19,33,2
MAP,120,-29,26,2
MAP,120,-30,35,2
MAP,120,-33,27,2
MAP,120,-35,30,2
MAP,120,-29,33,2
MAP,120,-33,34,2
MAP,120,-26,27,2
MAP,120,-26,34,2
MAP,120,-23,35,2
MAP,120,-22,32,1
MAP,120,-32,31,1
MAP,120,-25,31,1
MAP,120,-30,28,1
MAP,120,-20,29,-1
MAP,120,-28,30,1
MAP,120,-23,28,-1
MAP,120,-22,25,2
MAP,120,-19,34,2
MAP,120,-18,31,1
MAP,120,-33,35,2
MAP,120,-35,31,2
MAP,120,-33,28,2
MAP,120,-29,27,2
MAP,120,-32,32,2
MAP,120,-32,25,2
MAP,120,-26,28,1
MAP,120,-29,34,2
MAP,120,-28,31,1
MAP,120,-23,29,-1
MAP,120,-22,33,-1
MAP,120,-26,35,2
MAP,120,-25,32,1
MAP,120,-21,30,1
MAP,120,-30,29,1
MAP,120,-22,26,2
MAP,120,-18,32,-1
MAP,120,-32,26,2
MAP,120,-29,28,1
MAP,120,-33,29,2
MAP,120,-35,32,2
MAP,120,-32,33,2
MAP,120,-29,35,2
MAP,120,-25,26,2
MAP,120,-28,25,2
MAP,120,-25,33,2
MAP,120,-22,34,2
MAP,120,-24,30,1
MAP,120,-28,32,1
MAP,120,-31,30,1
MAP,120,-21,31,1
MAP,120,-19,29,2
MAP,120,-22,27,-1
MAP,120,-17,30,-1
MAP,120,-26,29,1
MAP,120,-32,34,2
MAP,120,-35,33,2
MAP,120,-32,27,2
MAP,120,-34,30,2
MAP,120,-28,33,2
MAP,120,-28,26,2
MAP,120,-27,30,1
MAP,120,-31,31,1
MAP,120,-25,34,2
MAP,120,-29,29,1
MAP,120,-24,31,1
MAP,120,-21,25,2
MAP,120,-21,32,2
MAP,120,-17,31,-1
MAP,120,-22,28,1
MAP,120,-32,35,2
MAP,120,-31,25,2
MAP,120,-34,31,2
MAP,120,-25,28,-1
MAP,120,-28,27,2
MAP,120,-35,27,2
MAP,120,-28,34,2
MAP,120,-32,28,1
MAP,120,-25,35,2
MAP,120,-24,32,2
MAP,120,-27,31,1
MAP,120,-20,30,1
MAP,120,-22,29,1
MAP,120,-31,32,1
MAP,120,-21,26,2
MAP,130,-31,33,2
MAP,130,-31,26,2
MAP,130,-34,32,2
MAP,130,-28,28,1
MAP,130,-28,35,2
MAP,130,-27,25,2
MAP,130,-35,28,2
MAP,130,-27,32,2
MAP,130,-24,33,2
MAP,130,-23,30,1
MAP,130,-32,29,1
MAP,130,-18,29,2
MAP,130,-20,31,1
MAP,130,-21,34,2
MAP,130,-30,30,1
MAP,130,-25,29,1
MAP,130,-31,34,2
MAP,130,-31,27,2
MAP,130,-33,30,2
MAP,130,-35,29,2
MAP,130,-27,26,2
MAP,130,-26,30,1
MAP,130,-24,34,2
MAP,130,-34,33,2
MAP,130,-28,29,1
MAP,130,-23,31,1
MAP,130,-21,28,2
MAP,130,-19,30,1
MAP,130,-21,35,2
MAP,130,-17,34,2
MAP,130,-30,31,1
MAP,130,-20,32,1
MAP,130,-31,35,2
MAP,130,-33,31,2
MAP,130,-30,32,2
MAP,130,-30,25,2
MAP,130,-27,27,2
MAP,130,-26,31,1
MAP,130,-24,35,2
MAP,130,-34,27,2
MAP,130,-31,28,1
MAP,130,-27,34,2
MAP,130,-34,34,2
MAP,130,-29,30,1
MAP,130,-23,25,2
MAP,130,-23,32,1
MAP,130,-19,31,1
MAP,130,-20,33,2
MAP,130,-21,29,1
MAP,130,-33,32,2
MAP,130,-30,26,2
MAP,130,-30,33,2
MAP,130,-34,28,2
MAP,130,-33,25,2
MAP,130,-26,25,2
MAP,130,-27,28,1
MAP,130,-23,33,2
MAP,130,-24,29,-1
MAP,130,-31,29,1
MAP,130,-27,35,2
MAP,130,-26,32,1
MAP,130,-22,30,1
MAP,130,-19,32,1
MAP,130,-29,31,1
MAP,130,-20,34,2
MAP,130,-30,27,2
MAP,130,-33,26,2
MAP,130,-30,34,2
MAP,130,-29,25,2
MAP,130,-34,29,2
MAP,130,-26,26,2
MAP,130,-26,33,-1
MAP,130,-23,34,2
MAP,130,-25,30,1
MAP,130,-22,31,1
MAP,130,-29,32,1
MAP,130,-32,30,1
MAP,130,-18,30,1
MAP,130,-27,29,1
MAP,130,-19,33,2
MAP,130,-20,28,2
MAP,130,-29,26,2
MAP,130,-30,35,2
MAP,130,-33,27,2
MAP,130,-35,30,2
MAP,130,-29,33,2
MAP,130,-33,34,2
MAP,130,-26,27,2
MAP,130,-26,34,2
MAP,130,-23,35,2
MAP,130,-32,31,1
MAP,130,-25,31,1
MAP,130,-30,28,1
MAP,130,-20,29,2
MAP,130,-28,30,1
MAP,130,-23,28,-1
MAP,130,-22,25,2
MAP,130,-19,34,2
MAP,130,-22,32,1
MAP,130,-18,31,1
MAP,130,-33,35,2
MAP,130,-35,31,2
MAP,130,-33,28,2
MAP,130,-29,27,2
MAP,130,-32,32,2
MAP,130,-32,25,2
MAP,130,-26,28,1
MAP,130,-29,34,2
MAP,130,-23,29,-1
MAP,130,-22,33,-1
MAP,130,-26,35,2
MAP,130,-25,32,1
MAP,130,-21,30,1
MAP,130,-30,29,1
MAP,130,-22,26,2
MAP,130,-28,31,1
MAP,130,-18,32,1
MAP,130,-32,26,2
MAP,130,-29,28,1
MAP,130,-33,29,2
MAP,130,-35,32,2
MAP,130,-32,33,2
MAP,130,-29,35,2
MAP,130,-25,26,2
MAP,130,-28,25,2
MAP,130,-25,33,2
MAP,130,-22,34,2
MAP,130,-24,30,1
MAP,130,-28,32,1
MAP,130,-21,31,1
MAP,130,-19,29,2
MAP,130,-22,27,-1
MAP,130,-17,30,-1
MAP,130,-26,29,1
MAP,130,-31,30,1
MAP,130,-18,33,-1
MAP,130,-32,34,2
MAP,130,-35,33,2
MAP,130,-32,27,2
MAP,130,-34,30,2
MAP,130,-28,33,2
MAP,130,-28,26,2
MAP,130,-27,30,1
MAP,130,-31,31,1
MAP,130,-25,34,2
MAP,130,-29,29,1
MAP,130,-24,31,1
MAP,130,-21,25,2
MAP,130,-22,28,1
MAP,130,-18,34,2
MAP,130,-17,31,2
MAP,130,-21,32,1
MAP,130,-32,35,2
MAP,130,-31,25,2
MAP,130,-34,31,2
MAP,130,-25,28,-1
MAP,130,-28,27,2
MAP,130,-35,27,2
MAP,130,-28,34,2
MAP,130,-32,28,1
MAP,130,-25,35,2
MAP,130,-24,32,2
MAP,130,-27,31,1
MAP,130,-20,30,1
MAP,130,-31,32,1
MAP,130,-21,26,2
MAP,130,-22,29,1
MAP,130,-21,33,-1
MAP,130,-17,32,-1
MAP,140,-31,33,2
MAP,140,-31,26,2
MAP,140,-34,32,2
MAP,140,-28,28,1
MAP,140,-28,35,2
MAP,140,-27,25,2
MAP,140,-35,28,2
MAP,140,-27,32,2
MAP,140,-24,33,2
MAP,140,-32,29,1
MAP,140,-18,29,2
MAP,140,-20,31,1
MAP,140,-21,34,2
MAP,140,-30,30,1
MAP,140,-25,29,1
MAP,140,-23,30,1
MAP,140,-31,34,2
MAP,140,-31,27,2
MAP,140,-33,30,2
MAP,140,-35,29,2
MAP,140,-27,26,2
MAP,140,-26,30,1
MAP,140,-24,34,2
MAP,140,-34,33,2
MAP,140,-28,29,1
MAP,140,-23,31,1
MAP,140,-21,28,2
MAP,140,-19,30,1
MAP,140,-21,35,2
MAP,140,-17,34,2
MAP,140,-30,31,1
MAP,140,-20,32,1
MAP,140,-27,33,2
MAP,140,-31,35,2
MAP,140,-33,31,2
MAP,140,-30,32,2
MAP,140,-30,25,2
MAP,140,-27,27,2
MAP,140,-24,35,2
MAP,140,-34,27,2
MAP,140,-31,28,1
MAP,140,-27,34,2
MAP,140,-34,34,2
MAP,140,-23,25,2
MAP,140,-23,32,1
MAP,140,-19,31,1
MAP,140,-20,33,2
MAP,140,-21,29,1
MAP,140,-16,32,2
MAP,140,-26,31,1
MAP,140,-17,35,2
MAP,140,-29,30,1
MAP,140,-33,32,2
MAP,140,-30,26,2
MAP,140,-30,33,2
MAP,140,-34,28,2
MAP,140,-33,25,2
MAP,140,-26,25,2
MAP,140,-27,28,1
MAP,140,-23,33,2
MAP,140,-24,29,-1
MAP,140,-31,29,1
MAP,140,-27,35,2
MAP,140,-26,32,1
MAP,140,-22,30,1
MAP,140,-19,32,1
MAP,140,-20,34,2
MAP,140,-29,31,1
MAP,140,-30,27,2
MAP,140,-33,26,2
MAP,140,-30,34,2
MAP,140,-29,25,2
MAP,140,-34,29,2
MAP,140,-26,26,2
MAP,140,-26,33,-1
MAP,140,-23,34,2
MAP,140,-25,30,1
MAP,140,-22,31,1
MAP,140,-29,32,1
MAP,140,-32,30,1
MAP,140,-18,30,1
MAP,140,-27,29,1
MAP,140,-19,33,2
MAP,140,-20,28,2
MAP,140,-20,35,2
MAP,140,-29,26,2
MAP,140,-30,35,2
MAP,140,-33,27,2
MAP,140,-35,30,2
MAP,140,-29,33,2
MAP,140,-33,34,2
MAP,140,-26,27,2
MAP,140,-26,34,2
MAP,140,-23,35,2
MAP,140,-32,31,1
MAP,140,-30,28,1
MAP,140,-20,29,2
MAP,140,-28,30,1
MAP,140,-23,28,-1
MAP,140,-22,25,2
MAP,140,-19,34,2
MAP,140,-22,32,1
MAP,140,-18,31,1
MAP,140,-25,31,1
MAP,140,-33,35,2
MAP,140,-35,31,2
MAP,140,-33,28,2
MAP,140,-29,27,2
MAP,140,-32,32,2
MAP,140,-32,25,2
MAP,140,-26,28,1
MAP,140,-29,34,2
MAP,140,-23,29,-1
MAP,140,-26,35,2
MAP,140,-25,32,1
MAP,140,-30,29,1
MAP,140,-22,26,2
MAP,140,-18,32,1
MAP,140,-21,30,1
MAP,140,-28,31,1
MAP,140,-19,35,2
MAP,140,-22,33,2
MAP,140,-32,26,2
MAP,140,-29,28,1
MAP,140,-33,29,2
MAP,140,-35,32,2
MAP,140,-32,33,2
MAP,140,-29,35,2
MAP,140,-25,26,2
MAP,140,-28,25,2
MAP,140,-25,33,2
MAP,140,-22,34,2
MAP,140,-28,32,1
MAP,140,-21,31,1
MAP,140,-19,29,2
MAP,140,-22,27,-1
MAP,140,-26,29,1
MAP,140,-31,30,1
MAP,140,-18,33,-1
MAP,140,-17,30,2
MAP,140,-24,30,1
MAP,140,-32,34,2
MAP,140,-35,33,2
MAP,140,-32,27,2
MAP,140,-34,30,2
MAP,140,-28,33,2
MAP,140,-28,26,2
MAP,140,-27,30,1
MAP,140,-31,31,1
MAP,140,-25,34,2
MAP,140,-29,29,1
MAP,140,-24,31,1
MAP,140,-21,25,2
MAP,140,-22,28,1
MAP,140,-18,34,2
MAP,140,-17,31,2
MAP,140,-21,32,1
MAP,140,-32,35,2
MAP,140,-31,25,2
MAP,140,-34,31,2
MAP,140,-25,28,-1
MAP,140,-28,27,2
MAP,140,-35,27,2
MAP,140,-28,34,2
MAP,140,-32,28,1
MAP,140,-25,35,2
MAP,140,-24,32,2
MAP,140,-31,32,1
MAP,140,-21,26,2
MAP,140,-22,29,1
MAP,140,-21,33,-1
MAP,140,-27,31,1
MAP,140,-17,32,2
MAP,140,-20,30,1
MAP,140,-18,35,2
MAP,150,-31,33,2
MAP,150,-31,26,2
MAP,150,-34,32,2
MAP,150,-28,28,1
MAP,150,-28,35,2
MAP,150,-27,25,2
MAP,150,-35,28,2
MAP,150,-24,33,2
MAP,150,-32,29,1
MAP,150,-18,29,2
MAP,150,-20,31,1
MAP,150,-21,34,2
MAP,150,-30,30,1
MAP,150,-25,29,1
MAP,150,-27,32,1
MAP,150,-17,33,2
MAP,150,-23,30,1
MAP,150,-31,34,2
MAP,150,-31,27,2
MAP,150,-33,30,2
MAP,150,-35,29,2
MAP,150,-27,26,2
MAP,150,-26,30,1
MAP,150,-24,34,2
MAP,150,-34,33,2
MAP,150,-28,29,1
MAP,150,-23,31,1
MAP,150,-21,28,2
MAP,150,-19,30,1
MAP,150,-21,35,2
MAP,150,-17,34,2
MAP,150,-30,31,1
MAP,150,-20,32,1
MAP,150,-27,33,2
MAP,150,-31,35,2
MAP,150,-33,31,2
MAP,150,-30,32,2
MAP,150,-30,25,2
MAP,150,-27,27,2
MAP,150,-24,35,2
MAP,150,-34,27,2
MAP,150,-31,28,1
MAP,150,-27,34,2
MAP,150,-34,34,2
MAP,150,-23,25,2
MAP,150,-23,32,1
MAP,150,-19,31,1
MAP,150,-20,33,2
MAP,150,-21,29,1
MAP,150,-16,32,2
MAP,150,-26,31,1
MAP,150,-17,35,2
MAP,150,-29,30,1
MAP,150,-33,32,2
MAP,150,-30,26,2
MAP,150,-30,33,2
MAP,150,-34,28,2
MAP,150,-33,25,2
MAP,150,-26,25,2
MAP,150,-27,28,1
MAP,150,-23,33,2
MAP,150,-24,29,-1
MAP,150,-31,29,1
MAP,150,-27,35,2
MAP,150,-19,32,1
MAP,150,-20,34,2
MAP,150,-29,31,1
MAP,150,-26,32,1
MAP,150,-22,30,1
MAP,150,-16,33,2
MAP,150,-30,27,2
MAP,150,-33,26,2
MAP,150,-30,34,2
MAP,150,-29,25,2
MAP,150,-34,29,2
MAP,150,-26,26,2
MAP,150,-26,33,-1
MAP,150,-23,34,2
MAP,150,-25,30,1
MAP,150,-29,32,1
MAP,150,-32,30,1
MAP,150,-18,30,1
MAP,150,-27,29,1
MAP,150,-19,33,2
MAP,150,-20,28,2
MAP,150,-20,35,2
MAP,150,-16,34,2
MAP,150,-22,31,1
MAP,150,-29,26,2
MAP,150,-30,35,2
MAP,150,-33,27,2
MAP,150,-35,30,2
MAP,150,-29,33,2
MAP,150,-33,34,2
MAP,150,-26,27,2
MAP,150,-26,34,2
MAP,150,-23,35,2
MAP,150,-32,31,1
MAP,150,-30,28,1
MAP,150,-20,29,2
MAP,150,-23,28,-1
MAP,150,-22,25,2
MAP,150,-19,34,2
MAP,150,-22,32,1
MAP,150,-18,31,1
MAP,150,-25,31,1
MAP,150,-28,30,1
MAP,150,-33,35,2
MAP,150,-35,31,2
MAP,150,-33,28,2
MAP,150,-29,27,2
MAP,150,-32,32,2
MAP,150,-32,25,2
MAP,150,-26,28,1
MAP,150,-29,34,2
MAP,150,-23,29,-1
MAP,150,-26,35,2
MAP,150,-25,32,1
MAP,150,-30,29,1
MAP,150,-22,26,2
MAP,150,-18,32,1
MAP,150,-21,30,1
MAP,150,-19,35,2
MAP,150,-22,33,2
MAP,150,-28,31,1
MAP,150,-32,26,2
MAP,150,-29,28,1
MAP,150,-33,29,2
MAP,150,-35,32,2
MAP,150,-32,33,2
MAP,150,-29,35,2
MAP,150,-25,26,2
MAP,150,-28,25,2
MAP,150,-25,33,2
MAP,150,-22,34,2
MAP,150,-28,32,1
MAP,150,-21,31,1
MAP,150,-19,29,2
MAP,150,-22,27,-1
MAP,150,-26,29,1
MAP,150,-31,30,1
MAP,150,-17,30,2
MAP,150,-24,30,1
MAP,150,-18,33,2
MAP,150,-15,34,2
MAP,150,-32,34,2
MAP,150,-35,33,2
MAP,150,-32,27,2
MAP,150,-34,30,2
MAP,150,-28,33,2
MAP,150,-28,26,2
MAP,150,-27,30,1
MAP,150,-31,31,1
MAP,150,-25,34,2
MAP,150,-29,29,1
MAP,150,-21,25,2
MAP,150,-22,28,1
MAP,150,-18,34,2
MAP,150,-17,31,2
MAP,150,-21,32,1
MAP,150,-24,31,1
MAP,150,-32,35,2
MAP,150,-31,25,2
MAP,150,-34,31,2
MAP,150,-25,28,-1
MAP,150,-28,27,2
MAP,150,-35,27,2
MAP,150,-28,34,2
MAP,150,-32,28,1
MAP,150,-25,35,2
MAP,150,-24,32,2
MAP,150,-31,32,1
MAP,150,-21,26,2
MAP,150,-22,29,1
MAP,150,-21,33,-1
MAP,150,-27,31,1
MAP,150,-17,32,2
MAP,150,-20,30,1
MAP,150,-18,35,2
MAP,160,-31,33,2
MAP,160,-31,26,2
MAP,160,-34,32,2
MAP,160,-28,28,1
MAP,160,-28,35,2
MAP,160,-27,25,2
MAP,160,-35,28,2
MAP,160,-24,33,2
MAP,160,-32,29,1
MAP,160,-18,29,2
MAP,160,-20,31,1
MAP,160,-21,34,2
MAP,160,-30,30,1
MAP,160,-25,29,1
MAP,160,-27,32,1
MAP,160,-17,33,2
MAP,160,-23,30,1
MAP,160,-31,34,2
MAP,160,-31,27,2
MAP,160,-33,30,2
MAP,160,-35,29,2
MAP,160,-27,26,2
MAP,160,-24,34,2
MAP,160,-34,33,2
MAP,160,-28,29,1
MAP,160,-23,31,1
MAP,160,-21,28,2
MAP,160,-21,35,2
MAP,160,-17,34,2
MAP,160,-30,31,1
MAP,160,-20,32,1
MAP,160,-27,33,2
MAP,160,-19,30,1
MAP,160,-26,30,1
MAP,160,-31,35,2
MAP,160,-33,31,2
MAP,160,-30,32,2
MAP,160,-30,25,2
MAP,160,-27,27,2
MAP,160,-24,35,2
MAP,160,-34,27,2
MAP,160,-31,28,1
MAP,160,-27,34,2
MAP,160,-34,34,2
MAP,160,-23,25,2
MAP,160,-23,32,1
MAP,160,-19,31,1
MAP,160,-20,33,2
MAP,160,-21,29,1
MAP,160,-16,32,2
MAP,160,-26,31,1
MAP,160,-17,35,2
MAP,160,-29,30,1
MAP,160,-33,32,2
MAP,160,-30,26,2
MAP,160,-30,33,2
MAP,160,-34,28,2
MAP,160,-33,25,2
MAP,160,-26,25,2
MAP,160,-27,28,1
MAP,160,-23,33,2
MAP,160,-24,29,-1
MAP,160,-31,29,1
MAP,160,-27,35,2
MAP,160,-19,32,1
MAP,160,-20,34,2
MAP,160,-29,31,1
MAP,160,-26,32,1
MAP,160,-22,30,1
MAP,160,-16,33,2
MAP,160,-30,27,2
MAP,160,-33,26,2
MAP,160,-30,34,2
MAP,160,-29,25,2
MAP,160,-34,29,2
MAP,160,-26,26,2
MAP,160,-23,34,2
MAP,160,-25,30,1
MAP,160,-29,32,1
MAP,160,-32,30,1
MAP,160,-18,30,1
MAP,160,-27,29,1
MAP,160,-19,33,2
MAP,160,-20,28,2
MAP,160,-20,35,2
MAP,160,-16,34,2
MAP,160,-22,31,1
MAP,160,-26,33,2
MAP,160,-29,26,2
MAP,160,-30,35,2
MAP,160,-33,27,2
MAP,160,-35,30,2
MAP,160,-29,33,2
MAP,160,-33,34,2
MAP,160,-26,27,2
MAP,160,-26,34,2
MAP,160,-23,35,2
MAP,160,-32,31,1
MAP,160,-30,28,1
MAP,160,-20,29,2
MAP,160,-23,28,-1
MAP,160,-22,25,2
MAP,160,-19,34,2
MAP,160,-22,32,1
MAP,160,-18,31,1
MAP,160,-28,30,1
MAP,160,-16,35,2
MAP,160,-25,31,1
MAP,160,-33,35,2
MAP,160,-35,31,2
MAP,160,-33,28,2
MAP,160,-29,27,2
MAP,160,-32,32,2
MAP,160,-32,25,2
MAP,160,-26,28,1
MAP,160,-29,34,2
MAP,160,-23,29,-1
MAP,160,-26,35,2
MAP,160,-30,29,1
MAP,160,-22,26,2
MAP,160,-18,32,1
MAP,160,-21,30,1
MAP,160,-19,35,2
MAP,160,-22,33,2
MAP,160,-28,31,1
MAP,160,-25,32,1
MAP,160,-32,26,2
MAP,160,-29,28,1
MAP,160,-33,29,2
MAP,160,-35,32,2
MAP,160,-32,33,2
MAP,160,-29,35,2
MAP,160,-25,26,2
MAP,160,-28,25,2
MAP,160,-25,33,2
MAP,160,-22,34,2
MAP,160,-28,32,1
MAP,160,-21,31,1
MAP,160,-19,29,2
MAP,160,-22,27,-1
MAP,160,-26,29,1
MAP,160,-31,30,1
MAP,160,-17,30,2
MAP,160,-24,30,1
MAP,160,-18,33,2
MAP,160,-15,34,2
MAP,160,-32,34,2
MAP,160,-35,33,2
MAP,160,-32,27,2
MAP,160,-34,30,2
MAP,160,-28,33,2
MAP,160,-28,26,2
MAP,160,-31,31,1
MAP,160,-25,34,2
MAP,160,-29,29,1
MAP,160,-21,25,2
MAP,160,-22,28,1
MAP,160,-18,34,2
MAP,160,-17,31,2
MAP,160,-21,32,1
MAP,160,-27,30,1
MAP,160,-24,31,1
MAP,160,-32,35,2
MAP,160,-31,25,2
MAP,160,-34,31,2
MAP,160,-25,28,-1
MAP,160,-28,27,2
MAP,160,-35,27,2
MAP,160,-28,34,2
MAP,160,-32,28,1
MAP,160,-25,35,2
MAP,160,-31,32,1
MAP,160,-21,26,2
MAP,160,-22,29,1
MAP,160,-17,32,2
MAP,160,-20,30,1
MAP,160,-18,35,2
MAP,160,-27,31,1
MAP,160,-24,32,1
MAP,160,-21,33,2
MAP,170,-31,33,2
MAP,170,-31,26,2
MAP,170,-34,32,2
MAP,170,-28,28,1
MAP,170,-28,35,2
MAP,170,-27,25,2
MAP,170,-35,28,2
MAP,170,-24,33,2
MAP,170,-32,29,1
MAP,170,-18,29,2
MAP,170,-20,31,1
MAP,170,-21,34,2
MAP,170,-30,30,1
MAP,170,-25,29,1
MAP,170,-27,32,1
MAP,170,-17,33,2
MAP,170,-23,30,1
MAP,170,-16,30,-1
MAP,170,-31,34,2
MAP,170,-31,27,2
MAP,170,-33,30,2
MAP,170,-35,29,2
MAP,170,-27,26,2
MAP,170,-24,34,2
MAP,170,-34,33,2
MAP,170,-28,29,1
MAP,170,-21,28,2
MAP,170,-21,35,2
MAP,170,-17,34,2
MAP,170,-30,31,1
MAP,170,-20,32,1
MAP,170,-27,33,2
MAP,170,-19,30,1
MAP,170,-23,31,1
MAP,170,-16,31,2
MAP,170,-26,30,1
MAP,170,-31,35,2
MAP,170,-33,31,2
MAP,170,-30,32,2
MAP,170,-30,25,2
MAP,170,-27,27,2
MAP,170,-24,35,2
MAP,170,-34,27,2
MAP,170,-31,28,1
MAP,170,-27,34,2
MAP,170,-34,34,2
MAP,170,-23,25,2
MAP,170,-23,32,1
MAP,170,-20,33,2
MAP,170,-21,29,1
MAP,170,-16,32,2
MAP,170,-26,31,1
MAP,170,-17,35,2
MAP,170,-29,30,1
MAP,170,-19,31,1
MAP,170,-33,32,2
MAP,170,-30,26,2
MAP,170,-30,33,2
MAP,170,-34,28,2
MAP,170,-33,25,2
MAP,170,-26,25,2
MAP,170,-27,28,1
MAP,170,-23,33,2
MAP,170,-24,29,-1
MAP,170,-31,29,1
MAP,170,-27,35,2
MAP,170,-19,32,1
MAP,170,-20,34,2
MAP,170,-29,31,1
MAP,170,-22,30,1
MAP,170,-16,33,2
MAP,170,-17,29,-1
MAP,170,-26,32,1
MAP,170,-30,27,2
MAP,170,-33,26,2
MAP,170,-30,34,2
MAP,170,-29,25,2
MAP,170,-34,29,2
MAP,170,-26,26,2
MAP,170,-23,34,2
MAP,170,-29,32,1
MAP,170,-32,30,1
MAP,170,-18,30,1
MAP,170,-27,29,1
MAP,170,-19,33,2
MAP,170,-20,28,2
MAP,170,-20,35,2
MAP,170,-16,34,2
MAP,170,-26,33,2
MAP,170,-22,31,1
MAP,170,-25,30,1
MAP,170,-29,26,2
MAP,170,-30,35,2
MAP,170,-33,27,2
MAP,170,-35,30,2
MAP,170,-29,33,2
MAP,170,-33,34,2
MAP,170,-26,27,2
MAP,170,-26,34,2
MAP,170,-23,35,2
MAP,170,-32,31,1
MAP,170,-30,28,1
MAP,170,-20,29,2
MAP,170,-23,28,-1
MAP,170,-22,25,2
MAP,170,-19,34,2
MAP,170,-18,31,1
MAP,170,-28,30,1
MAP,170,-16,35,2
MAP,170,-25,31,1
MAP,170,-22,32,1
MAP,170,-33,35,2
MAP,170,-35,31,2
MAP,170,-33,28,2
MAP,170,-29,27,2
MAP,170,-32,32,2
MAP,170,-32,25,2
MAP,170,-26,28,1
MAP,170,-29,34,2
MAP,170,-23,29,-1
MAP,170,-26,35,2
MAP,170,-30,29,1
MAP,170,-22,26,2
MAP,170,-19,35,2
MAP,170,-22,33,2
MAP,170,-28,31,1
MAP,170,-21,30,1
MAP,170,-25,32,1
MAP,170,-18,32,1
MAP,170,-32,26,2
MAP,170,-29,28,1
MAP,170,-33,29,2
MAP,170,-35,32,2
MAP,170,-32,33,2
MAP,170,-29,35,2
MAP,170,-25,26,2
MAP,170,-28,25,2
MAP,170,-25,33,2
MAP,170,-22,34,2
MAP,170,-28,32,1
MAP,170,-21,31,1
MAP,170,-19,29,2
MAP,170,-22,27,-1
MAP,170,-26,29,1
MAP,170,-31,30,1
MAP,170,-24,30,1
MAP,170,-18,33,2
MAP,170,-15,34,2
MAP,170,-17,30,1
MAP,170,-32,34,2
MAP,170,-35,33,2
MAP,170,-32,27,2
MAP,170,-34,30,2
MAP,170,-28,33,2
MAP,170,-28,26,2
MAP,170,-31,31,1
MAP,170,-25,34,2
MAP,170,-29,29,1
MAP,170,-21,25,2
MAP,170,-22,28,1
MAP,170,-18,34,2
MAP,170,-17,31,2
MAP,170,-27,30,1
MAP,170,-24,31,1
MAP,170,-21,32,1
MAP,170,-32,35,2
MAP,170,-31,25,2
MAP,170,-34,31,2
MAP,170,-25,28,-1
MAP,170,-28,27,2
MAP,170,-35,27,2
MAP,170,-28,34,2
MAP,170,-32,28,1
MAP,170,-25,35,2
MAP,170,-31,32,1
MAP,170,-21,26,2
MAP,170,-22,29,1
MAP,170,-17,32,2
MAP,170,-18,35,2
MAP,170,-27,31,1
MAP,170,-21,33,2
MAP,170,-24,32,1
MAP,170,-20,30,1
MAP,180,-31,33,2
MAP,180,-31,26,2
MAP,180,-34,32,2
MAP,180,-28,28,1
MAP,180,-28,35,2
MAP,180,-27,25,2
MAP,180,-35,28,2
MAP,180,-24,33,2
MAP,180,-32,29,1
MAP,180,-18,29,2
MAP,180,-20,31,1
MAP,180,-21,34,2
MAP,180,-30,30,1
MAP,180,-25,29,1
MAP,180,-27,32,1
MAP,180,-17,33,2
MAP,180,-23,30,1
MAP,180,-16,30,-1
MAP,180,-31,34,2
MAP,180,-31,27,2
MAP,180,-33,30,2
MAP,180,-35,29,2
MAP,180,-27,26,2
MAP,180,-24,34,2
MAP,180,-34,33,2
MAP,180,-28,29,1
MAP,180,-21,28,2
MAP,180,-21,35,2
MAP,180,-17,34,2
MAP,180,-30,31,1
MAP,180,-20,32,1
MAP,180,-27,33,2
MAP,180,-19,30,1
MAP,180,-23,31,1
MAP,180,-16,31,2
MAP,180,-26,30,1
MAP,180,-31,35,2
MAP,180,-33,31,2
MAP,180,-30,32,2
MAP,180,-30,25,2
MAP,180,-27,27,2
MAP,180,-24,35,2
MAP,180,-34,27,2
MAP,180,-31,28,1
MAP,180,-27,34,2
MAP,180,-34,34,2
MAP,180,-23,25,2
MAP,180,-20,33,2
MAP,180,-21,29,1
MAP,180,-16,32,2
MAP,180,-26,31,1
MAP,180,-17,35,2
MAP,180,-29,30,1
MAP,180,-19,31,1
MAP,180,-23,32,1
MAP,180,-33,32,2
MAP,180,-30,26,2
MAP,180,-30,33,2
MAP,180,-34,28,2
MAP,180,-33,25,2
MAP,180,-26,25,2
MAP,180,-27,28,1
MAP,180,-23,33,2
MAP,180,-31,29,1
MAP,180,-27,35,2
MAP,180,-19,32,1
MAP,180,-20,34,2
MAP,180,-29,31,1
MAP,180,-22,30,1
MAP,180,-16,33,2
MAP,180,-17,29,-1
MAP,180,-26,32,1
MAP,180,-15,30,-1
MAP,180,-24,29,2
MAP,180,-30,27,2
MAP,180,-33,26,2
MAP,180,-30,34,2
MAP,180,-29,25,2
MAP,180,-34,29,2
MAP,180,-26,26,2
MAP,180,-23,34,2
MAP,180,-29,32,1
MAP,180,-32,30,1
MAP,180,-18,30,1
MAP,180,-27,29,1
MAP,180,-19,33,2
MAP,180,-20,28,2
MAP,180,-20,35,2
MAP,180,-16,34,2
MAP,180,-26,33,2
MAP,180,-22,31,1
MAP,180,-25,30,1
MAP,180,-29,26,2
MAP,180,-30,35,2
MAP,180,-33,27,2
MAP,180,-35,30,2
MAP,180,-29,33,2
MAP,180,-33,34,2
MAP,180,-26,27,2
MAP,180,-26,34,2
MAP,180,-23,35,2
MAP,180,-32,31,1
MAP,180,-30,28,1
MAP,180,-20,29,2
MAP,180,-23,28,-1
MAP,180,-22,25,2
MAP,180,-19,34,2
MAP,180,-18,31,1
MAP,180,-28,30,1
MAP,180,-16,35,2
MAP,180,-25,31,1
MAP,180,-22,32,1
MAP,180,-33,35,2
MAP,180,-35,31,2
MAP,180,-33,28,2
MAP,180,-29,27,2
MAP,180,-32,32,2
MAP,180,-32,25,2
MAP,180,-26,28,1
MAP,180,-29,34,2
MAP,180,-26,35,2
MAP,180,-30,29,1
MAP,180,-22,26,2
MAP,180,-19,35,2
MAP,180,-22,33,2
MAP,180,-28,31,1
MAP,180,-21,30,1
MAP,180,-18,32,1
MAP,180,-25,32,1
MAP,180,-16,29,-1
MAP,180,-23,29,2
MAP,180,-32,26,2
MAP,180,-29,28,1
MAP,180,-33,29,2
MAP,180,-35,32,2
MAP,180,-32,33,2
MAP,180,-29,35,2
MAP,180,-25,26,2
MAP,180,-28,25,2
MAP,180,-25,33,2
MAP,180,-22,34,2
MAP,180,-28,32,1
MAP,180,-21,31,1
MAP,180,-19,29,2
MAP,180,-22,27,-1
MAP,180,-26,29,1
MAP,180,-31,30,1
MAP,180,-18,33,2
MAP,180,-15,34,2
MAP,180,-17,30,1
MAP,180,-24,30,1
MAP,180,-32,34,2
MAP,180,-35,33,2
MAP,180,-32,27,2
MAP,180,-34,30,2
MAP,180,-28,33,2
MAP,180,-28,26,2
MAP,180,-31,31,1
MAP,180,-25,34,2
MAP,180,-29,29,1
MAP,180,-21,25,2
MAP,180,-22,28,1
MAP,180,-18,34,2
MAP,180,-17,31,2
MAP,180,-27,30,1
MAP,180,-24,31,1
MAP,180,-21,32,1
MAP,180,-22,35,2
MAP,180,-32,35,2
MAP,180,-31,25,2
MAP,180,-34,31,2
MAP,180,-25,28,-1
MAP,180,-28,27,2
MAP,180,-35,27,2
MAP,180,-28,34,2
MAP,180,-32,28,1
MAP,180,-25,35,2
MAP,180,-31,32,1
MAP,180,-21,26,2
MAP,180,-22,29,1
MAP,180,-17,32,2
MAP,180,-18,35,2
MAP,180,-27,31,1
MAP,180,-21,33,2
MAP,180,-20,30,1
MAP,180,-24,32,1
MAP,190,-31,33,2
MAP,190,-31,26,2
MAP,190,-34,32,2
MAP,190,-28,28,1
MAP,190,-28,35,2
MAP,190,-27,25,2
MAP,190,-35,28,2
MAP,190,-24,33,2
MAP,190,-32,29,1
MAP,190,-18,29,2
MAP,190,-20,31,1
MAP,190,-21,34,2
MAP,190,-30,30,1
MAP,190,-25,29,1
MAP,190,-27,32,1
MAP,190,-17,33,2
MAP,190,-23,30,1
MAP,190,-16,30,1
MAP,190,-31,34,2
MAP,190,-31,27,2
MAP,190,-33,30,2
MAP,190,-35,29,2
MAP,190,-27,26,2
MAP,190,-24,34,2
MAP,190,-34,33,2
MAP,190,-28,29,1
MAP,190,-21,28,2
MAP,190,-21,35,2
MAP,190,-17,34,2
MAP,190,-30,31,1
MAP,190,-20,32,1
MAP,190,-27,33,2
MAP,190,-19,30,1
MAP,190,-23,31,1
MAP,190,-16,31,2
MAP,190,-26,30,1
MAP,190,-31,35,2
MAP,190,-33,31,2
MAP,190,-30,32,2
MAP,190,-30,25,2
MAP,1