0,1,-4.545300,4.148360,0
1,1,-4.701740,4.511400,0
2,1,-4.681450,4.810460,0
3,1,-4.047620,4.509650,0
4,1,-4.544630,4.504490,0
5,1,-4.132410,4.648310,0
6,1,-4.711350,4.276190,0
7,1,-4.793470,4.679020,0
8,1,-4.307940,4.370230,0
9,1,-4.382140,4.564320,0
0,2,-4.550247,4.154798,0
1,2,-4.697483,4.501318,0
2,2,-4.674447,4.814484,0
3,2,-4.040757,4.498971,0
4,2,-4.535804,4.508567,0
5,2,-4.137662,4.659867,0
6,2,-4.704666,4.280252,0
7,2,-4.783992,4.671804,0
8,2,-4.310113,4.380154,0
9,2,-4.379125,4.564481,0
0,3,-4.556215,4.162770,0
1,3,-4.694345,4.484804,0
2,3,-4.680280,4.811636,0
3,3,-4.028806,4.485041,0
4,3,-4.517508,4.512188,0
5,3,-4.147359,4.675189,0
6,3,-4.697011,4.285900,0
7,3,-4.775806,4.663174,0
8,3,-4.311377,4.378385,0
9,3,-4.386542,4.566792,0
0,4,-4.559582,4.167067,0
1,4,-4.694288,4.472989,0
2,4,-4.694938,4.802954,0
3,4,-4.025187,4.480948,0
4,4,-4.511463,4.515889,0
5,4,-4.160361,4.689897,0
6,4,-4.701512,4.280950,0
7,4,-4.768628,4.648291,0
8,4,-4.311504,4.368587,0
9,4,-4.383628,4.570619,0
0,5,-4.556789,4.165491,0
1,5,-4.699355,4.457219,0
2,5,-4.701534,4.799773,0
3,5,-4.014613,4.472356,0
4,5,-4.510378,4.516423,0
5,5,-4.163169,4.693284,0
6,5,-4.714117,4.265620,0
7,5,-4.764394,4.631183,0
8,5,-4.310923,4.358662,0
9,5,-4.386780,4.580688,0
0,6,-4.558054,4.165523,0
1,6,-4.703101,4.441916,0
2,6,-4.717305,4.799196,0
3,6,-3.999091,4.459743,0
4,6,-4.505953,4.513983,0
5,6,-4.160513,4.691739,0
6,6,-4.725905,4.250253,0
7,6,-4.763278,4.613366,0
8,6,-4.309966,4.349051,0
9,6,-4.393987,4.597175,0
0,7,-4.549843,4.166856,0
1,7,-4.703455,4.423609,0
2,7,-4.735274,4.800715,0
3,7,-3.983569,4.447131,0
4,7,-4.492993,4.510526,0
5,7,-4.161733,4.691765,0
6,7,-4.732898,4.239647,0
7,7,-4.765431,4.593787,0
8,7,-4.308273,4.340193,0
9,7,-4.398938,4.613889,0
0,8,-4.538686,4.171895,0
1,8,-4.702959,4.420847,0
2,8,-4.753982,4.805331,0
3,8,-3.968047,4.434519,0
4,8,-4.473355,4.509028,0
5,8,-4.168828,4.689973,0
6,8,-4.733400,4.238256,0
7,8,-4.768145,4.577559,0
8,8,-4.307964,4.338663,0
9,8,-4.400894,4.632429,0
0,9,-4.529271,4.180226,0
1,9,-4.702372,4.423862,0
2,9,-4.768021,4.810248,0
3,9,-3.958158,4.426483,0
4,9,-4.462819,4.508324,0
5,9,-4.179768,4.682847,0
6,9,-4.729851,4.243907,0
7,9,-4.770187,4.570651,0
8,9,-4.312996,4.351325,0
9,9,-4.400233,4.652043,0
0,10,-4.520283,4.194747,0
1,10,-4.701979,4.416269,0
2,10,-4.781478,4.812223,0
3,10,-3.945162,4.420563,0
4,10,-4.449337,4.503397,0
5,10,-4.186913,4.674812,0
6,10,-4.731264,4.236765,0
7,10,-4.775582,4.564346,0
8,10,-4.320382,4.369911,0
9,10,-4.400078,4.671605,0
0,11,-4.513369,4.213175,0
1,11,-4.697956,4.404623,0
2,11,-4.791653,4.811091,0
3,11,-3.928454,4.417762,0
4,11,-4.443771,4.500378,0
5,11,-4.193677,4.658731,0
6,11,-4.732153,4.223292,0
7,11,-4.788016,4.557107,0
8,11,-4.327767,4.388497,0
9,11,-4.400056,4.677708,0
0,12,-4.507480,4.232264,0
1,12,-4.692890,4.397333,0
2,12,-4.800887,4.806624,0
3,12,-3.910009,4.418501,0
4,12,-4.437791,4.491785,0
5,12,-4.196867,4.647188,0
6,12,-4.730203,4.213477,0
7,12,-4.802902,4.552970,0
8,12,-4.329861,4.393767,0
9,12,-4.401145,4.690806,0
0,13,-4.501505,4.251349,0
1,13,-4.679383,4.388013,0
2,13,-4.809098,4.798546,0
3,13,-3.891150,4.422092,0
4,13,-4.436205,4.486916,0
5,13,-4.197335,4.645221,0
6,13,-4.721668,4.199083,0
7,13,-4.821593,4.552377,0
8,13,-4.329127,4.396666,0
9,13,-4.402398,4.699500,0
0,14,-4.495502,4.270372,0
1,14,-4.673269,4.384539,0
2,14,-4.813498,4.790446,0
3,14,-3.872436,4.427807,0
4,14,-4.438433,4.482812,0
5,14,-4.198145,4.653281,0
6,14,-4.712077,4.187885,0
7,14,-4.832238,4.553122,0
8,14,-4.325106,4.400480,0
9,14,-4.401139,4.715919,0
0,15,-4.490591,4.284840,0
1,15,-4.666124,4.384022,0
2,15,-4.814848,4.781648,0
3,15,-3.866581,4.429661,0
4,15,-4.443582,4.471482,0
5,15,-4.198332,4.655137,0
6,15,-4.712106,4.186584,0
7,15,-4.833076,4.552967,0
8,15,-4.314598,4.413335,0
9,15,-4.399219,4.731745,0
0,16,-4.483464,4.296636,0
1,16,-4.667044,4.383190,0
2,16,-4.813010,4.772087,0
3,16,-3.870703,4.427960,0
4,16,-4.453890,4.458334,0
5,16,-4.196555,4.641717,0
6,16,-4.704190,4.184950,0
7,16,-4.836037,4.556108,0
8,16,-4.304662,4.426367,0
9,16,-4.395040,4.744545,0
0,17,-4.480746,4.300106,0
1,17,-4.660355,4.388724,0
2,17,-4.809229,4.765327,0
3,17,-3.873177,4.427569,0
4,17,-4.465406,4.448656,0
5,17,-4.193272,4.623362,0
6,17,-4.691169,4.184844,0
7,17,-4.839777,4.564360,0
8,17,-4.290335,4.439507,0
9,17,-4.385817,4.758320,0
0,18,-4.471346,4.303796,0
1,18,-4.659257,4.388469,0
2,18,-4.800548,4.758011,0
3,18,-3.870934,4.426848,0
4,18,-4.473978,4.444194,0
5,18,-4.190750,4.614079,0
6,18,-4.683880,4.186602,0
7,18,-4.840802,4.575325,0
8,18,-4.275000,4.452292,0
9,18,-4.373225,4.770462,0
0,19,-4.453454,4.304637,0
1,19,-4.659176,4.389439,0
2,19,-4.797024,4.755957,0
3,19,-3.863782,4.421697,0
4,19,-4.487948,4.443055,0
5,19,-4.184609,4.605492,0
6,19,-4.670359,4.196399,0
7,19,-4.838397,4.586057,0
8,19,-4.260301,4.464009,0
9,19,-4.358085,4.780427,0
0,20,-4.437424,4.304898,0
1,20,-4.659657,4.394982,0
2,20,-4.796739,4.755875,0
3,20,-3.855675,4.410484,0
4,20,-4.504002,4.445057,0
5,20,-4.184602,4.604512,0
6,20,-4.658955,4.205492,0
7,20,-4.830862,4.598729,0
8,20,-4.253532,4.468759,0
9,20,-4.340946,4.788095,0
0,21,-4.418458,4.301391,0
1,21,-4.660564,4.397336,0
2,21,-4.788365,4.759283,0
3,21,-3.849830,4.394703,0
4,21,-4.518045,4.450126,0
5,21,-4.186632,4.605096,0
6,21,-4.642383,4.213547,0
7,21,-4.820581,4.608896,0
8,21,-4.248502,4.469964,0
9,21,-4.335716,4.790340,0
0,22,-4.399154,4.296400,0
1,22,-4.670290,4.406340,0
2,22,-4.779675,4.766242,0
3,22,-3.847163,4.376485,0
4,22,-4.528310,4.456969,0
5,22,-4.179492,4.606196,0
6,22,-4.624928,4.222669,0
7,22,-4.808590,4.615741,0
8,22,-4.234907,4.468086,0
9,22,-4.322701,4.793851,0
0,23,-4.379965,4.290789,0
1,23,-4.684456,4.414791,0
2,23,-4.772618,4.777031,0
3,23,-3.847260,4.357305,0
4,23,-4.536900,4.467586,0
5,23,-4.170374,4.610452,0
6,23,-4.608245,4.232801,0
7,23,-4.797241,4.618671,0
8,23,-4.220429,4.462260,0
9,23,-4.303604,4.797825,0
0,24,-4.360821,4.285004,0
1,24,-4.698190,4.419455,0
2,24,-4.767658,4.793558,0
3,24,-3.849494,4.337871,0
4,24,-4.542988,4.481829,0
5,24,-4.161359,4.619099,0
6,24,-4.592332,4.241289,0
7,24,-4.781157,4.617751,0
8,24,-4.207595,4.453082,0
9,24,-4.284515,4.800199,0
0,25,-4.341668,4.279244,0
1,25,-4.712896,4.420449,0
2,25,-4.765824,4.811619,0
3,25,-3.850259,4.331779,0
4,25,-4.545500,4.497217,0
5,25,-4.152908,4.634117,0
6,25,-4.587736,4.243696,0
7,25,-4.766809,4.613709,0
8,25,-4.194820,4.438520,0
9,25,-4.265830,4.800621,0
0,26,-4.322513,4.273494,0
1,26,-4.725644,4.418099,0
2,26,-4.766989,4.831085,0
3,26,-3.853098,4.318453,0
4,26,-4.544100,4.516449,0
5,26,-4.146775,4.652534,0
6,26,-4.574740,4.247770,0
7,26,-4.750221,4.604117,0
8,26,-4.182585,4.422830,0
9,26,-4.253743,4.799533,0
0,27,-4.303737,4.267858,0
1,27,-4.740946,4.410310,0
2,27,-4.766966,4.834986,0
3,27,-3.857266,4.298892,0
4,27,-4.541210,4.536108,0
5,27,-4.143334,4.662345,0
6,27,-4.555596,4.253556,0
7,27,-4.747204,4.602352,0
8,27,-4.173027,4.411182,0
9,27,-4.256261,4.801819,0
0,28,-4.285036,4.260906,0
1,28,-4.751923,4.401980,0
2,28,-4.767176,4.830956,0
3,28,-3.861433,4.279331,0
4,28,-4.537595,4.554965,0
5,28,-4.134508,4.673995,0
6,28,-4.536438,4.259297,0
7,28,-4.755702,4.607556,0
8,28,-4.169761,4.407843,0
9,28,-4.251179,4.798581,0
0,29,-4.268282,4.254408,0
1,29,-4.761362,4.389447,0
2,29,-4.767455,4.830060,0
3,29,-3.865601,4.259770,0
4,29,-4.532125,4.573451,0
5,29,-4.122351,4.683807,0
6,29,-4.517279,4.265036,0
7,29,-4.750301,4.603908,0
8,29,-4.155659,4.403737,0
9,29,-4.248099,4.797317,0
0,30,-4.253932,4.246354,0
1,30,-4.769138,4.371644,0
2,30,-4.762087,4.835077,0
3,30,-3.866929,4.253535,0
4,30,-4.524626,4.591773,0
5,30,-4.105474,4.691838,0
6,30,-4.498120,4.270774,0
7,30,-4.733262,4.593456,0
8,30,-4.137424,4.399366,0
9,30,-4.249625,4.799718,0
0,31,-4.241271,4.235195,0
1,31,-4.776257,4.353079,0
2,31,-4.752950,4.839448,0
3,31,-3.869769,4.240210,0
4,31,-4.516055,4.609826,0
5,31,-4.086606,4.697912,0
6,31,-4.478961,4.276512,0
7,31,-4.717558,4.583862,0
8,31,-4.122446,4.397498,0
9,31,-4.248774,4.793378,0
0,32,-4.229524,4.219624,0
1,32,-4.782670,4.334292,0
2,32,-4.739853,4.841042,0
3,32,-3.873936,4.220648,0
4,32,-4.507329,4.627784,0
5,32,-4.067366,4.703032,0
6,32,-4.459801,4.282250,0
7,32,-4.707246,4.575824,0
8,32,-4.108478,4.399108,0
9,32,-4.251243,4.776213,0
0,33,-4.218883,4.203238,0
1,33,-4.788219,4.315254,0
2,33,-4.723390,4.838351,0
3,33,-3.878092,4.201144,0
4,33,-4.498263,4.645558,0
5,33,-4.047919,4.707451,0
6,33,-4.440642,4.287989,0
7,33,-4.696342,4.560802,0
8,33,-4.091557,4.405864,0
9,33,-4.255708,4.758885,0
0,34,-4.207167,4.187345,0
1,34,-4.792783,4.296195,0
2,34,-4.706455,4.831687,0
3,34,-3.882267,4.183651,0
4,34,-4.488742,4.663113,0
5,34,-4.028302,4.711315,0
6,34,-4.421490,4.293729,0
7,34,-4.686242,4.544555,0
8,34,-4.074406,4.415925,0
9,34,-4.263285,4.741491,0
0,35,-4.199795,4.178282,0
1,35,-4.795858,4.277469,0
2,35,-4.690030,4.821965,0
3,35,-3.885085,4.175438,0
4,35,-4.478847,4.680480,0
5,35,-4.008659,4.715076,0
6,35,-4.402386,4.299616,0
7,35,-4.677631,4.526989,0
8,35,-4.057397,4.426445,0
9,35,-4.273372,4.724342,0
0,36,-4.200659,4.178030,0
1,36,-4.796741,4.259355,0
2,36,-4.674391,4.810085,0
3,36,-3.890019,4.169698,0
4,36,-4.469932,4.696328,0
5,36,-3.989015,4.718832,0
6,36,-4.383357,4.305723,0
7,36,-4.670300,4.508426,0
8,36,-4.040401,4.436986,0
9,36,-4.282161,4.709821,0
0,37,-4.202581,4.178574,0
1,37,-4.794813,4.241381,0
2,37,-4.659474,4.796919,0
3,37,-3.898880,4.164735,0
4,37,-4.462737,4.714634,0
5,37,-3.969371,4.722588,0
6,37,-4.364454,4.312086,0
7,37,-4.663216,4.489723,0
8,37,-4.023404,4.447527,0
9,37,-4.289246,4.691739,0
0,38,-4.193022,4.180262,0
1,38,-4.789899,4.223524,0
2,38,-4.645039,4.783116,0
3,38,-3.911515,4.162339,0
4,38,-4.460236,4.721192,0
5,38,-3.949726,4.726344,0
6,38,-4.345741,4.318940,0
7,38,-4.656145,4.471014,0
8,38,-4.006407,4.458069,0
9,38,-4.291182,4.686793,0
0,39,-4.184275,4.183852,0
1,39,-4.782182,4.205895,0
2,39,-4.632049,4.770181,0
3,39,-3.927815,4.163997,0
4,39,-4.460181,4.721208,0
5,39,-3.930321,4.730054,0
6,39,-4.327197,4.326404,0
7,39,-4.649075,4.452306,0
8,39,-3.989410,4.468610,0
9,39,-4.291215,4.689206,0
0,40,-4.171371,4.195708,0
1,40,-4.772502,4.188896,0
2,40,-4.626665,4.763940,0
3,40,-3.944898,4.169692,0
4,40,-4.464571,4.733997,0
5,40,-3.911056,4.734753,0
6,40,-4.308721,4.334060,0
7,40,-4.642004,4.433597,0
8,40,-3.972414,4.479151,0
9,40,-4.288186,4.682786,0
0,41,-4.158365,4.209884,0
1,41,-4.763418,4.175488,0
2,41,-4.625018,4.759155,0
3,41,-3.961630,4.178604,0
4,41,-4.471636,4.751508,0
5,41,-3.891973,4.740423,0
6,41,-4.290254,4.341740,0
7,41,-4.634933,4.414889,0
8,41,-3.955417,4.489692,0
9,41,-4.280244,4.673731,0
0,42,-4.147780,4.219854,0
1,42,-4.763991,4.174274,0
2,42,-4.625621,4.745707,0
3,42,-3.977071,4.189438,0
4,42,-4.475587,4.764424,0
5,42,-3.873075,4.746811,0
6,42,-4.271787,4.349421,0
7,42,-4.627862,4.396181,0
8,42,-3.938421,4.500233,0
9,42,-4.264925,4.664300,0
0,43,-4.147738,4.221061,0
1,43,-4.770105,4.178246,0
2,43,-4.630772,4.728748,0
3,43,-3.985754,4.196948,0
4,43,-4.475962,4.779559,0
5,43,-3.867069,4.748865,0
6,43,-4.259638,4.354474,0
7,43,-4.620791,4.377472,0
8,43,-3.921428,4.510772,0
9,43,-4.246761,4.656550,0
0,44,-4.140395,4.221782,0
1,44,-4.773273,4.179429,0
2,44,-4.639794,4.711245,0
3,44,-3.990573,4.204900,0
4,44,-4.471764,4.798293,0
5,44,-3.854311,4.753648,0
6,44,-4.258444,4.354428,0
7,44,-4.613721,4.358764,0
8,44,-3.904483,4.521113,0
9,44,-4.227931,4.649867,0
0,45,-4.131272,4.221995,0
1,45,-4.768810,4.179860,0
2,45,-4.649992,4.694122,0
3,45,-3.990666,4.218330,0
4,45,-4.465894,4.816841,0
5,45,-3.835594,4.760665,0
6,45,-4.258317,4.354807,0
7,45,-4.606650,4.340055,0
8,45,-3.887297,4.530661,0
9,45,-4.209018,4.643365,0
0,46,-4.132364,4.223171,0
1,46,-4.761357,4.182956,0
2,46,-4.660784,4.677291,0
3,46,-3.989203,4.236968,0
4,46,-4.461710,4.827541,0
5,46,-3.817008,4.767862,0
6,46,-4.256857,4.363497,0
7,46,-4.599579,4.321347,0
8,46,-3.869475,4.539058,0
9,46,-4.190101,4.636873,0
0,47,-4.124846,4.214864,0
1,47,-4.752368,4.191085,0
2,47,-4.671677,4.660518,0
3,47,-3.988757,4.253085,0
4,47,-4.458029,4.832384,0
5,47,-3.798759,4.775548,0
6,47,-4.258544,4.376026,0
7,47,-4.592508,4.302639,0
8,47,-3.850986,4.546335,0
9,47,-4.171184,4.630381,0
0,48,-4.118303,4.205083,0
1,48,-4.745165,4.203188,0
2,48,-4.682575,4.643748,0
3,48,-3.984979,4.270451,0
4,48,-4.450008,4.837074,0
5,48,-3.780986,4.784114,0
6,48,-4.266148,4.392835,0
7,48,-4.588233,4.291327,0
8,48,-3.832089,4.552822,0
9,48,-4.152267,4.623888,0
0,49,-4.114677,4.191917,0
1,49,-4.744029,4.202161,0
2,49,-4.693473,4.626978,0
3,49,-3.977514,4.288672,0
4,49,-4.437871,4.839538,0
5,49,-3.763591,4.793850,0
6,49,-4.276464,4.409848,0
7,49,-4.588462,4.290557,0
8,49,-3.813069,4.559002,0
9,49,-4.133350,4.617395,0
0,50,-4.114769,4.173485,0
1,50,-4.744559,4.194518,0
2,50,-4.704371,4.610208,0
3,50,-3.968858,4.306586,0
4,50,-4.421795,4.838001,0
5,50,-3.746664,4.804017,0
6,50,-4.287512,4.426511,0
7,50,-4.581008,4.286197,0
8,50,-3.794033,4.565139,0
9,50,-4.114434,4.610903,0
0,51,-4.116274,4.161334,0
1,51,-4.746517,4.201243,0
2,51,-4.715269,4.593438,0
3,51,-3.959553,4.324044,0
4,51,-4.404788,4.832342,0
5,51,-3.730834,4.812565,0
6,51,-4.298665,4.443113,0
7,51,-4.570457,4.283234,0
8,51,-3.774997,4.571273,0
9,51,-4.095517,4.604411,0
0,52,-4.116028,4.160233,0
1,52,-4.749797,4.209193,0
2,52,-4.726167,4.576668,0
3,52,-3.950853,4.342024,0
4,52,-4.388127,4.823402,0
5,52,-3.715565,4.818051,0
6,52,-4.309822,4.459711,0
7,52,-4.552399,4.283975,0
8,52,-3.755961,4.577408,0
9,52,-4.076600,4.597918,0
0,53,-4.119089,4.157505,0
1,53,-4.761616,4.221537,0
2,53,-4.737065,4.559898,0
3,53,-3.942320,4.360113,0
4,53,-4.372190,4.812070,0
5,53,-3.699041,4.820173,0
6,53,-4.320980,4.476310,0
7,53,-4.533011,4.286762,0
8,53,-3.736925,4.583542,0
9,53,-4.057683,4.591425,0
0,54,-4.127213,4.153984,0
1,54,-4.776212,4.235203,0
2,54,-4.747963,4.543128,0
3,54,-3.933797,4.378206,0
4,54,-4.356973,4.799264,0
5,54,-3.681175,4.818700,0
6,54,-4.332137,4.492908,0
7,54,-4.513627,4.291065,0
8,54,-3.717890,4.589677,0
9,54,-4.038766,4.584933,0
0,55,-4.140531,4.152949,0
1,55,-4.790637,4.248839,0
2,55,-4.758861,4.526358,0
3,55,-3.925481,4.395861,0
4,55,-4.342234,4.785789,0
5,55,-3.662920,4.813992,0
6,55,-4.343295,4.509507,0
7,55,-4.494335,4.296291,0
8,55,-3.698853,4.595811,0
9,55,-4.019880,4.578451,0
0,56,-4.157294,4.156368,0
1,56,-4.803883,4.262422,0
2,56,-4.769759,4.509588,0
3,56,-3.917420,4.410282,0
4,56,-4.327774,4.771987,0
5,56,-3.644831,4.806746,0
6,56,-4.354453,4.526105,0
7,56,-4.475072,4.301670,0
8,56,-3.679818,4.601946,0
9,56,-4.013819,4.576373,0
0,57,-4.174066,4.163470,0
1,57,-4.814083,4.275458,0
2,57,-4.780657,4.492818,0
3,57,-3.905479,4.424261,0
4,57,-4.313481,4.757999,0
5,57,-3.627090,4.797774,0
6,57,-4.365609,4.542703,0
7,57,-4.455817,4.307055,0
8,57,-3.661269,4.607924,0
9,57,-4.001354,4.576781,0
0,58,-4.190213,4.173576,0
1,58,-4.820087,4.287260,0
2,58,-4.791531,4.476038,0
3,58,-3.893385,4.434801,0
4,58,-4.299242,4.743967,0
5,58,-3.610002,4.788206,0
6,58,-4.376729,4.559124,0
7,58,-4.436513,4.312283,0
8,58,-3.641897,4.612639,0
9,58,-3.994139,4.577723,0
0,59,-4.205519,4.185868,0
1,59,-4.822128,4.297658,0
2,59,-4.801775,4.459981,0
3,59,-3.879687,4.442259,0
4,59,-4.284868,4.730062,0
5,59,-3.604093,4.784948,0
6,59,-4.388243,4.574659,0
7,59,-4.417199,4.317475,0
8,59,-3.626853,4.616057,0
9,59,-3.995250,4.576710,0
0,60,-4.220079,4.199458,0
1,60,-4.822290,4.300304,0
2,60,-4.805108,4.454859,0
3,60,-3.861082,4.447319,0
4,60,-4.280319,4.725670,0
5,60,-3.605710,4.785055,0
6,60,-4.392889,4.580499,0
7,60,-4.397885,4.322665,0
8,60,-3.611359,4.616259,0
9,60,-3.996103,4.575636,0
0,61,-4.233725,4.213125,0
1,61,-4.821699,4.301365,0
2,61,-4.805003,4.454891,0
3,61,-3.841531,4.451114,0
4,61,-4.280056,4.725557,0
5,61,-3.607420,4.784645,0
6,61,-4.392321,4.580331,0
7,61,-4.378944,4.327824,0
8,61,-3.596170,4.612800,0
9,61,-3.993958,4.585217,0
0,62,-4.237782,4.217170,0
1,62,-4.813388,4.307861,0
2,62,-4.814651,4.453331,0
3,62,-3.821829,4.454204,0
4,62,-4.271122,4.725124,0
5,62,-3.601405,4.789381,0
6,62,-4.401411,4.581231,0
7,62,-4.375657,4.328343,0
8,62,-3.578904,4.604274,0
9,62,-3.994381,4.599509,0
0,63,-4.239668,4.222678,0
1,63,-4.802096,4.312497,0
2,63,-4.825351,4.454432,0
3,63,-3.802011,4.456728,0
4,63,-4.257320,4.728567,0
5,63,-3.594753,4.798717,0
6,63,-4.414428,4.578981,0
7,63,-4.381155,4.325726,0
8,63,-3.561800,4.594086,0
9,63,-3.999882,4.617671,0
0,64,-4.239762,4.228779,0
1,64,-4.785528,4.313980,0
2,64,-4.839015,4.460660,0
3,64,-3.782130,4.458898,0
4,64,-4.240750,4.737828,0
5,64,-3.589644,4.814614,0
6,64,-4.431334,4.570739,0
7,64,-4.383254,4.323969,0
8,64,-3.545060,4.583235,0
9,64,-4.007431,4.636168,0
0,65,-4.234975,4.241655,0
1,65,-4.766022,4.311660,0
2,65,-4.849192,4.468641,0
3,65,-3.762240,4.460984,0
4,65,-4.224370,4.749251,0
5,65,-3.586082,4.824066,0
6,65,-4.448498,4.560493,0
7,65,-4.384381,4.321838,0
8,65,-3.528595,4.571903,0
9,65,-4.015200,4.654589,0
0,66,-4.226063,4.254425,0
1,66,-4.746414,4.308231,0
2,66,-4.858451,4.481822,0
3,66,-3.742348,4.463063,0
4,66,-4.208137,4.760934,0
5,66,-3.581167,4.830028,0
6,66,-4.465580,4.550090,0
7,66,-4.384173,4.325945,0
8,66,-3.512275,4.560345,0
9,66,-4.022436,4.672149,0
0,67,-4.211632,4.267208,0
1,67,-4.726905,4.304080,0
2,67,-4.863102,4.492538,0
3,67,-3.722456,4.465141,0
4,67,-4.191976,4.772616,0
5,67,-3.572454,4.835074,0
6,67,-4.482645,4.539689,0
7,67,-4.386364,4.334259,0
8,67,-3.496825,4.549354,0
9,67,-4.026566,4.685659,0
0,68,-4.195776,4.279276,0
1,68,-4.707482,4.299367,0
2,68,-4.864184,4.504982,0
3,68,-3.702564,4.467219,0
4,68,-4.176079,4.784728,0
5,68,-3.559970,4.837620,0
6,68,-4.499457,4.529727,0
7,68,-4.392822,4.343831,0
8,68,-3.480690,4.540208,0
9,68,-4.027044,4.698126,0
0,69,-4.179492,4.290815,0
1,69,-4.688116,4.294377,0
2,69,-4.860736,4.521541,0
3,69,-3.682698,4.469295,0
4,69,-4.172453,4.787454,0
5,69,-3.543772,4.836168,0
6,69,-4.516224,4.521343,0
7,69,-4.407210,4.355316,0
8,69,-3.463224,4.533302,0
9,69,-4.023221,4.712782,0
0,70,-4.162896,4.301959,0
1,70,-4.668760,4.289343,0
2,70,-4.853610,4.538083,0
3,70,-3.662910,4.471039,0
4,70,-4.174373,4.784986,0
5,70,-3.526694,4.830643,0
6,70,-4.533703,4.515204,0
7,70,-4.423875,4.366355,0
8,70,-3.443979,4.528481,0
9,70,-4.015693,4.726417,0
0,71,-4.146162,4.312911,0
1,71,-4.649404,4.284307,0
2,71,-4.843589,4.553613,0
3,71,-3.643086,4.471972,0
4,71,-4.175256,4.781987,0
5,71,-3.509937,4.821856,0
6,71,-4.553121,4.511359,0
7,71,-4.437507,4.375216,0
8,71,-3.437796,4.527013,0
9,71,-4.003175,4.740118,0
0,72,-4.129407,4.323833,0
1,72,-4.630695,4.279438,0
2,72,-4.830696,4.568337,0
3,72,-3.623538,4.471984,0
4,72,-4.175567,4.783535,0
5,72,-3.493877,4.810683,0
6,72,-4.572813,4.508403,0
7,72,-4.439340,4.375492,0
8,72,-3.424446,4.524325,0
9,72,-3.987900,4.752715,0
0,73,-4.112652,4.334753,0
1,73,-4.615804,4.274268,0
2,73,-4.816433,4.582234,0
3,73,-3.603670,4.470480,0
4,73,-4.179929,4.792192,0
5,73,-3.478517,4.798043,0
6,73,-4.592599,4.506145,0
7,73,-4.441976,4.381576,0
8,73,-3.404809,4.520638,0
9,73,-3.971879,4.764540,0
0,74,-4.095896,4.345673,0
1,74,-4.599414,4.264193,0
2,74,-4.801634,4.595641,0
3,74,-3.583785,4.468367,0
4,74,-4.189484,4.802068,0
5,74,-3.463619,4.784740,0
6,74,-4.612380,4.504584,0
7,74,-4.443890,4.391177,0
8,74,-3.385096,4.517275,0
9,74,-3.955408,4.775802,0
0,75,-4.079140,4.356593,0
1,75,-4.584044,4.253114,0
2,75,-4.786543,4.608725,0
3,75,-3.563906,4.466171,0
4,75,-4.204524,4.810818,0
5,75,-3.451785,4.773741,0
6,75,-4.632201,4.503933,0
7,75,-4.441521,4.408822,0
8,75,-3.365371,4.513975,0
9,75,-3.938674,4.786609,0
0,76,-4.062385,4.367513,0
1,76,-4.570420,4.240772,0
2,76,-4.777143,4.616617,0
3,76,-3.544043,4.463973,0
4,76,-4.213280,4.814379,0
5,76,-3.438597,4.765435,0
6,76,-4.635706,4.503580,0
7,76,-4.437217,4.427889,0
8,76,-3.345644,4.510679,0
9,76,-3.921824,4.796722,0
0,77,-4.045629,4.378433,0
1,77,-4.557843,4.225459,0
2,77,-4.776168,4.616897,0
3,77,-3.524196,4.461518,0
4,77,-4.222197,4.814508,0
5,77,-3.435121,4.763347,0
6,77,-4.626081,4.504448,0
7,77,-4.431752,4.445673,0
8,77,-3.325917,4.507383,0
9,77,-3.905229,4.805258,0
0,78,-4.028873,4.389353,0
1,78,-4.545578,4.209664,0
2,78,-4.773701,4.628792,0
3,78,-3.504354,4.459008,0
4,78,-4.231849,4.811286,0
5,78,-3.422027,4.759579,0
6,78,-4.616933,4.506180,0
7,78,-4.424179,4.462184,0
8,78,-3.306191,4.504086,0
9,78,-3.888655,4.811257,0
0,79,-4.012117,4.400273,0
1,79,-4.533285,4.193934,0
2,79,-4.772235,4.645100,0
3,79,-3.484526,4.456496,0
4,79,-4.243438,4.802554,0
5,79,-3.402807,4.754047,0
6,79,-4.623499,4.503310,0
7,79,-4.413205,4.478657,0
8,79,-3.286464,4.500791,0
9,79,-3.871393,4.814267,0
0,80,-3.995362,4.411193,0
1,80,-4.521065,4.178940,0
2,80,-4.774203,4.661203,0
3,80,-3.464717,4.453749,0
4,80,-4.254193,4.788887,0
5,80,-3.383587,4.748517,0
6,80,-4.642304,4.496510,0
7,80,-4.401645,4.494970,0
8,80,-3.266738,4.497494,0
9,80,-3.853521,4.814098,0
0,81,-3.978606,4.422113,0
1,81,-4.519429,4.176193,0
2,81,-4.780675,4.679512,0
3,81,-3.444914,4.450950,0
4,81,-4.263066,4.771631,0
5,81,-3.364367,4.742985,0
6,81,-4.661017,4.489603,0
7,81,-4.389920,4.511170,0
8,81,-3.247011,4.494198,0
9,81,-3.835413,4.810802,0
0,82,-3.961851,4.433033,0
1,82,-4.525467,4.180703,0
2,82,-4.788545,4.697795,0
3,82,-3.425111,4.448148,0
4,82,-4.270519,4.753118,0
5,82,-3.345147,4.737454,0
6,82,-4.679061,4.482435,0
7,82,-4.378116,4.527315,0
8,82,-3.227285,4.490902,0
9,82,-3.817362,4.804629,0
0,83,-3.945095,4.443953,0
1,83,-4.528520,4.182137,0
2,83,-4.797087,4.715753,0
3,83,-3.405314,4.445347,0
4,83,-4.277709,4.734465,0
5,83,-3.325927,4.731923,0
6,83,-4.696753,4.473650,0
7,83,-4.366299,4.543451,0
8,83,-3.207558,4.487606,0
9,83,-3.799662,4.796188,0
0,84,-3.928339,4.454873,0
1,84,-4.524107,4.182208,0
2,84,-4.804706,4.732890,0
3,84,-3.385534,4.442391,0
4,84,-4.282572,4.722125,0
5,84,-3.306708,4.726392,0
6,84,-4.714077,4.463703,0
7,84,-4.355940,4.557594,0
8,84,-3.187832,4.484310,0
9,84,-3.782405,4.786277,0
0,85,-3.911584,4.465793,0
1,85,-4.516331,4.184752,0
2,85,-4.810005,4.750031,0
3,85,-3.365759,4.439402,0
4,85,-4.281894,4.721588,0
5,85,-3.287488,4.720861,0
6,85,-4.731317,4.453564,0
7,85,-4.347367,4.566415,0
8,85,-3.168105,4.481013,0
9,85,-3.765472,4.775659,0
0,86,-3.894828,4.476713,0
1,86,-4.505908,4.192770,0
2,86,-4.812440,4.767787,0
3,86,-3.345984,4.436410,0
4,86,-4.284937,4.719899,0
5,86,-3.268268,4.715330,0
6,86,-4.748551,4.443417,0
7,86,-4.342303,4.569524,0
8,86,-3.148379,4.477717,0
9,86,-3.748676,4.764804,0
0,87,-3.878072,4.487633,0
1,87,-4.496070,4.206114,0
2,87,-4.811883,4.785678,0
3,87,-3.326209,4.433418,0
4,87,-4.289808,4.718664,0
5,87,-3.249048,4.709799,0
6,87,-4.765786,4.433269,0
7,87,-4.337329,4.570235,0
8,87,-3.128652,4.474421,0
9,87,-3.731936,4.753860,0
0,88,-3.861317,4.498553,0
1,88,-4.488290,4.223520,0
2,88,-4.808340,4.803208,0
3,88,-3.306440,4.430428,0
4,88,-4.303159,4.720384,0
5,88,-3.229828,4.704268,0
6,88,-4.783020,4.423121,0
7,88,-4.324234,4.567110,0
8,88,-3.108926,4.471125,0
9,88,-3.715204,4.742903,0
0,89,-3.844561,4.509474,0
1,89,-4.482314,4.242522,0
2,89,-4.802431,4.818580,0
3,89,-3.286691,4.427276,0
4,89,-4.317626,4.726148,0
5,89,-3.210608,4.698736,0
6,89,-4.800250,4.412976,0
7,89,-4.308549,4.558859,0
8,89,-3.089199,4.467829,0
9,89,-3.698473,4.731945,0
0,90,-3.827805,4.520394,0
1,90,-4.476853,4.261761,0
2,90,-4.795393,4.829629,0
3,90,-3.266947,4.424088,0
4,90,-4.333344,4.737272,0
5,90,-3.191388,4.693205,0
6,90,-4.817406,4.402705,0
7,90,-4.293056,4.546704,0
8,90,-3.069473,4.464533,0
9,90,-3.681743,4.720987,0
0,91,-3.811050,4.531314,0
1,91,-4.471450,4.281017,0
2,91,-4.786929,4.837017,0
3,91,-3.260545,4.423054,0
4,91,-4.348655,4.750024,0
5,91,-3.172168,4.687674,0
6,91,-4.820548,4.400783,0
7,91,-4.278160,4.533464,0
8,91,-3.050680,4.461392,0
9,91,-3.665045,4.710051,0
0,92,-3.794294,4.542234,0
1,92,-4.466050,4.300274,0
2,92,-4.776595,4.841424,0
3,92,-3.258300,4.421834,0
4,92,-4.363565,4.763342,0
5,92,-3.152948,4.682143,0
6,92,-4.813292,4.403897,0
7,92,-4.263664,4.519696,0
8,92,-3.031938,4.460130,0
9,92,-3.648483,4.699681,0
0,93,-3.777973,4.552870,0
1,93,-4.460649,4.319531,0
2,93,-4.762582,4.842698,0
3,93,-3.251410,4.413837,0
4,93,-4.378372,4.776786,0
5,93,-3.133725,4.676622,0
6,93,-4.814992,4.404004,0
7,93,-4.249243,4.505837,0
8,93,-3.012694,4.461303,0
9,93,-3.631219,4.690559,0
0,94,-3.763792,4.560731,0
1,94,-4.455249,4.338789,0
2,94,-4.745914,4.839697,0
3,94,-3.245012,4.399482,0
4,94,-4.393170,4.790234,0
5,94,-3.114493,4.671143,0
6,94,-4.820125,4.404897,0
7,94,-4.234827,4.491975,0
8,94,-2.993177,4.464516,0
9,94,-3.612882,4.682706,0
0,95,-3.745272,4.566510,0
1,95,-4.449849,4.358046,0
2,95,-4.729026,4.832874,0
3,95,-3.241746,4.381846,0
4,95,-4.408031,4.803556,0
5,95,-3.095239,4.665764,0
6,95,-4.825808,4.408282,0
7,95,-4.220411,4.478112,0
8,95,-2.986994,4.465595,0
9,95,-3.597378,4.676343,0
0,96,-3.726917,4.571358,0
1,96,-4.444448,4.377303,0
2,96,-4.712683,4.823017,0
3,96,-3.241526,4.362887,0
4,96,-4.422883,4.816287,0
5,96,-3.075982,4.660609,0
6,96,-4.831824,4.415797,0
7,96,-4.205995,4.464250,0
8,96,-2.973735,4.468711,0
9,96,-3.586596,4.673770,0
0,97,-3.717641,4.573149,0
1,97,-4.439048,4.396560,0
2,97,-4.697133,4.810997,0
3,97,-3.243683,4.343554,0
4,97,-4.426319,4.819458,0
5,97,-3.056865,4.656060,0
6,97,-4.835817,4.426872,0
7,97,-4.191578,4.450387,0
8,97,-2.954357,4.473037,0
9,97,-3.576260,4.674720,0
0,98,-3.712490,4.572386,0
1,98,-4.433648,4.415817,0
2,98,-4.682283,4.797708,0
3,98,-3.247612,4.324248,0
4,98,-4.424352,4.818717,0
5,98,-3.038614,4.652955,0
6,98,-4.836436,4.441699,0
7,98,-4.177162,4.436524,0
8,98,-2.934694,4.476584,0
9,98,-3.561102,4.681342,0
0,99,-3.698587,4.564286,0
1,99,-4.428247,4.435074,0
2,99,-4.667844,4.783903,0
3,99,-3.248903,4.318171,0
4,99,-4.428991,4.818300,0
5,99,-3.019224,4.652312,0
6,99,-4.832777,4.458608,0
7,99,-4.162746,4.422662,0
8,99,-2.914966,4.479867,0
9,99,-3.546327,4.691734,0
0,100,-3.682848,4.553764,0
1,100,-4.422847,4.454331,0
2,100,-4.653725,4.769871,0
3,100,-3.252666,4.305076,0
4,100,-4.437190,4.814800,0
5,100,-2.999374,4.653504,0
6,100,-4.825429,4.475623,0
7,100,-4.148330,4.408799,0
8,100,-2.895231,4.483118,0
9,100,-3.533033,4.704815,0
0,101,-3.668604,4.541833,0
1,101,-4.417447,4.473588,0
2,101,-4.640284,4.755564,0
3,101,-3.258190,4.285853,0
4,101,-4.446507,4.806351,0
5,101,-2.979499,4.655522,0
6,101,-4.815294,4.492070,0
7,101,-4.133914,4.394937,0
8,101,-2.875498,4.486368,0
9,101,-3.521256,4.720138,0
0,102,-3.655416,4.527249,0
1,102,-4.412046,4.492845,0
2,102,-4.627643,4.740122,0
3,102,-3.263714,4.266632,0
4,102,-4.448977,4.803580,0
5,102,-2.959649,4.657920,0
6,102,-4.803285,4.507789,0
7,102,-4.119497,4.381074,0
8,102,-2.855763,4.489619,0
9,102,-3.510797,4.736978,0
0,103,-3.643072,4.511543,0
1,103,-4.406646,4.512102,0
2,103,-4.615926,4.725400,0
3,103,-3.269238,4.247410,0
4,103,-4.450768,4.791763,0
5,103,-2.939820,4.660514,0
6,103,-4.790280,4.522923,0
7,103,-4.105081,4.367211,0
8,103,-2.836029,4.492869,0
9,103,-3.501140,4.754476,0
0,104,-3.630886,4.495685,0
1,104,-4.401246,4.531359,0
2,104,-4.607394,4.711905,0
3,104,-3.274762,4.228188,0
4,104,-4.451107,4.786715,0
5,104,-2.920000,4.663192,0
6,104,-4.776861,4.537734,0
7,104,-4.090665,4.353349,0
8,104,-2.816295,4.496119,0
9,104,-3.491624,4.772067,0
0,105,-3.618708,4.479819,0
1,105,-4.395845,4.550616,0
2,105,-4.602101,4.697244,0
3,105,-3.280286,4.208967,0
4,105,-4.451736,4.787778,0
5,105,-2.908159,4.664799,0
6,105,-4.763276,4.552284,0
7,105,-4.076249,4.339486,0
8,105,-2.796561,4.499369,0
9,105,-3.482116,4.789659,0
0,106,-3.606531,4.463954,0
1,106,-4.390445,4.569873,0
2,106,-4.599924,4.678083,0
3,106,-3.285742,4.190249,0
4,106,-4.449697,4.786091,0
5,106,-2.906269,4.665056,0
6,106,-4.751537,4.564056,0
7,106,-4.061832,4.325624,0
8,106,-2.776829,4.502619,0
9,106,-3.472774,4.806722,0
0,107,-3.601298,4.457136,0
1,107,-4.387714,4.579610,0
2,107,-4.599364,4.670054,0
3,107,-3.286220,4.187081,0
4,107,-4.440768,4.782706,0
5,107,-2.895725,4.670313,0
6,107,-4.750020,4.566295,0
7,107,-4.047416,4.311761,0
8,107,-2.767600,4.504117,0
9,107,-3.468682,4.813638,0
0,108,-3.593300,4.451591,0
1,108,-4.383882,4.585722,0
2,108,-4.599863,4.670930,0
3,108,-3.282243,4.194837,0
4,108,-4.428511,4.782111,0
5,108,-2.885834,4.677560,0
6,108,-4.742168,4.567892,0
7,108,-4.039762,4.304400,0
8,108,-2.755258,4.510189,0
9,108,-3.462495,4.818471,0
0,109,-3.579300,4.447409,0
1,109,-4.371468,4.595316,0
2,109,-4.600982,4.672248,0
3,109,-3.277115,4.201543,0
4,109,-4.417977,4.784750,0
5,109,-2.874914,4.692240,0
6,109,-4.735923,4.568025,0
7,109,-4.028708,4.298629,0
8,109,-2.741410,4.521992,0
9,109,-3.450641,4.822479,0
0,110,-3.561735,4.446825,0
1,110,-4.356594,4.602673,0
2,110,-4.594734,4.669305,0
3,110,-3.270951,4.206922,0
4,110,-4.403120,4.794138,0
5,110,-2.864695,4.709405,0
6,110,-4.730632,4.565834,0
7,110,-4.012679,4.295482,0
8,110,-2.731210,4.533875,0
9,110,-3.434403,4.823050,0
0,111,-3.542946,4.449705,0
1,111,-4.340506,4.606775,0
2,111,-4.585373,4.667917,0
3,111,-3.264390,4.210532,0
4,111,-4.388518,4.806753,0
5,111,-2.854674,4.726714,0
6,111,-4.719885,4.555646,0
7,111,-3.994211,4.295990,0
8,111,-2.725118,4.545395,0
9,111,-3.416405,4.819616,0
0,112,-3.524070,4.454978,0
1,112,-4.321652,4.607528,0
2,112,-4.573671,4.670140,0
3,112,-3.258739,4.212038,0
4,112,-4.374844,4.821241,0
5,112,-2.844661,4.744027,0
6,112,-4.710135,4.541293,0
7,112,-3.975111,4.299385,0
8,112,-2.721397,4.563564,0
9,112,-3.398110,4.813062,0
0,113,-3.505432,4.461780,0
1,113,-4.302281,4.605848,0
2,113,-4.557494,4.678707,0
3,113,-3.255536,4.211962,0
4,113,-4.365936,4.830961,0
5,113,-2.834649,4.761340,0
6,113,-4.704812,4.529443,0
7,113,-3.956062,4.304665,0
8,113,-2.719458,4.583424,0
9,113,-3.380042,4.804649,0
0,114,-3.487061,4.469525,0
1,114,-4.282593,4.605102,0
2,114,-4.541282,4.689930,0
3,114,-3.255577,4.212095,0
4,114,-4.357388,4.836645,0
5,114,-2.824688,4.778564,0
6,114,-4.694878,4.515024,0
7,114,-3.937222,4.311110,0
8,114,-2.718043,4.603315,0
9,114,-3.362249,4.795724,0
0,115,-3.468904,4.477851,0
1,115,-4.262725,4.605632,0
2,115,-4.527964,4.698530,0
3,115,-3.260638,4.217402,0
4,115,-4.345897,4.839702,0
5,115,-2.815957,4.794868,0
6,115,-4.683723,4.503526,0
7,115,-3.918580,4.318261,0
8,115,-2.716298,4.622298,0
9,115,-3.344466,4.787400,0
0,116,-3.450898,4.486535,0
1,116,-4.242821,4.607028,0
2,116,-4.510533,4.705198,0
3,116,-3.265540,4.227709,0
4,116,-4.329690,4.839028,0
5,116,-2.810595,4.808796,0
6,116,-4.670763,4.495045,0
7,116,-3.900085,4.325840,0
8,116,-2.713595,4.636596,0
9,116,-3.326346,4.780365,0
0,117,-3.432995,4.495441,0
1,117,-4.222932,4.608960,0
2,117,-4.491404,4.709754,0
3,117,-3.267601,4.242805,0
4,117,-4.312084,4.834277,0
5,117,-2.808917,4.822332,0
6,117,-4.654369,4.489205,0
7,117,-3.881691,4.333679,0
8,117,-2.706136,4.652620,0
9,117,-3.307628,4.774919,0
0,118,-3.415159,4.504485,0
1,118,-4.203067,4.611220,0
2,118,-4.471786,4.712963,0
3,118,-3.265691,4.259946,0
4,118,-4.294838,4.826528,0
5,118,-2.807884,4.822834,0
6,118,-4.635675,4.486346,0
7,118,-3.863361,4.341676,0
8,118,-2.702591,4.658789,0
9,118,-3.288335,4.771039,0
0,119,-3.397365,4.513616,0
1,119,-4.183221,4.613680,0
2,119,-4.452063,4.715322,0
3,119,-3.260026,4.277810,0
4,119,-4.278370,4.816488,0
5,119,-2.807482,4.825613,0
6,119,-4.616105,4.485835,0
7,119,-3.845073,4.349770,0
8,119,-2.700032,4.666093,0
9,119,-3.268698,4.768473,0
0,120,-3.379600,4.522802,0
1,120,-4.163390,4.616262,0
2,120,-4.432895,4.716774,0
3,120,-3.251701,4.295417,0
4,120,-4.262634,4.804549,0
5,120,-2.806340,4.821290,0
6,120,-4.596292,4.486895,0
7,120,-3.826811,4.357924,0
8,120,-2.698043,4.669746,0
9,120,-3.248876,4.766960,0
0,121,-3.361852,4.532022,0
1,121,-4.143567,4.618919,0
2,121,-4.417884,4.716546,0
3,121,-3.241699,4.312490,0
4,121,-4.247504,4.791545,0
5,121,-2.806129,4.822457,0
6,121,-4.576457,4.488938,0
7,121,-3.808565,4.366114,0
8,121,-2.697145,4.672414,0
9,121,-3.228958,4.766279,0
0,122,-3.344141,4.541251,0
1,122,-4.123751,4.621623,0
2,122,-4.409671,4.714744,0
3,122,-3.230676,4.329076,0
4,122,-4.232815,4.778203,0
5,122,-2.810202,4.836562,0
6,122,-4.556655,4.491581,0
7,122,-3.790329,4.374327,0
8,122,-2.693976,4.677674,0
9,122,-3.208997,4.766242,0
0,123,-3.326711,4.550725,0
1,123,-4.103969,4.624350,0
2,123,-4.401675,4.709322,0
3,123,-3.219034,4.345296,0
4,123,-4.222252,4.769186,0
5,123,-2.811348,4.839438,0
6,123,-4.536891,4.494590,0
7,123,-3.772099,4.382553,0
8,123,-2.690455,4.688132,0
9,123,-3.189022,4.766688,0
0,124,-3.309874,4.560873,0
1,124,-4.084167,4.626721,0
2,124,-4.390829,4.695136,0
3,124,-3.207012,4.361263,0
4,124,-4.216979,4.766144,0
5,124,-2.810661,4.829877,0
6,124,-4.517155,4.497821,0
7,124,-3.753873,4.390788,0
8,124,-2.689037,4.691560,0
9,124,-3.169047,4.767480,0
0,125,-3.293714,4.572157,0
1,125,-4.064296,4.628549,0
2,125,-4.379496,4.679084,0
3,125,-3.194755,4.377059,0
4,125,-4.219918,4.766051,0
5,125,-2.810678,4.826314,0
6,125,-4.497884,4.500949,0
7,125,-3.735650,4.399029,0
8,125,-2.688585,4.693202,0
9,125,-3.149083,4.768504,0
0,126,-3.278141,4.584599,0
1,126,-4.044352,4.629869,0
2,126,-4.370103,4.664057,0
3,126,-3.182350,4.392745,0
4,126,-4.210597,4.769164,0
5,126,-2.809038,4.820001,0
6,126,-4.480413,4.502541,0
7,126,-3.717428,4.407273,0
8,126,-2.681685,4.706012,0
9,126,-3.129219,4.769756,0
0,127,-3.262933,4.597547,0
1,127,-4.024381,4.630919,0
2,127,-4.368095,4.661850,0
3,127,-3.169852,4.408358,0
4,127,-4.194344,4.777325,0
5,127,-2.813495,4.826055,0
6,127,-4.462713,4.501131,0
7,127,-3.699207,4.415518,0
8,127,-2.673244,4.720682,0
9,127,-3.109555,4.771666,0
0,128,-3.247575,4.610350,0
1,128,-4.004410,4.631935,0
2,128,-4.361428,4.653794,0
3,128,-3.157295,4.423924,0
4,128,-4.179154,4.788320,0
5,128,-2.821901,4.834845,0
6,128,-4.444592,4.496426,0
7,128,-3.680986,4.423766,0
8,128,-2.663479,4.732437,0
9,128,-3.090003,4.774685,0
0,129,-3.232111,4.623032,0
1,129,-3.984458,4.633077,0
2,129,-4.356926,4.648034,0
3,129,-3.144701,4.439460,0
4,129,-4.164792,4.801972,0
5,129,-2.823603,4.836545,0
6,129,-4.428693,4.489936,0
7,129,-3.662766,4.432014,0
8,129,-2.663353,4.734000,0
9,129,-3.070467,4.778823,0
0,130,-3.216660,4.635731,0
1,130,-3.964538,4.634491,0
2,130,-4.358696,4.648886,0
3,130,-3.132178,4.454860,0
4,130,-4.152390,4.814917,0
5,130,-2.822590,4.836440,0
6,130,-4.414259,4.480570,0
7,130,-3.644547,4.440262,0
8,130,-2.657663,4.741214,0
9,130,-3.051087,4.783313,0
0,131,-3.201436,4.648191,0
1,131,-3.944650,4.636302,0
2,131,-4.360821,4.649256,0
3,131,-3.118971,4.469833,0
4,131,-4.141675,4.823585,0
5,131,-2.830776,4.834006,0
6,131,-4.400670,4.467431,0
7,131,-3.626327,4.448510,0
8,131,-2.655611,4.743990,0
9,131,-3.032059,4.787109,0
0,132,-3.191521,4.657172,0
1,132,-3.924788,4.638525,0
2,132,-4.349986,4.652153,0
3,132,-3.105815,4.484872,0
4,132,-4.129719,4.828766,0
5,132,-2.839221,4.828660,0
6,132,-4.386508,4.455142,0
7,132,-3.608107,4.456759,0
8,132,-2.649816,4.753861,0
9,132,-3.016062,4.788944,0
0,133,-3.191329,4.658200,0
1,133,-3.904953,4.641041,0
2,133,-4.334734,4.659272,0
3,133,-3.092496,4.499760,0
4,133,-4.115089,4.830580,0
5,133,-2.839838,4.828993,0
6,133,-4.374446,4.446952,0
7,133,-3.589887,4.465008,0
8,133,-2.645458,4.760635,0
9,133,-2.997427,4.787181,0
0,134,-3.192897,4.656845,0
1,134,-3.885138,4.643740,0
2,134,-4.319100,4.670936,0
3,134,-3.080563,4.513429,0
4,134,-4.098129,4.828310,0
5,134,-2.840895,4.824804,0
6,134,-4.356568,4.440517,0
7,134,-3.571668,4.473257,0
8,134,-2.641256,4.774632,0
9,134,-2.991571,4.786489,0
0,135,-3.188006,4.667577,0
1,135,-3.865337,4.646552,0
2,135,-4.304951,4.683052,0
3,135,-3.068251,4.524271,0
4,135,-4.080782,4.822302,0
5,135,-2.840514,4.818047,0
6,135,-4.338011,4.435356,0
7,135,-3.553448,4.481506,0
8,135,-2.639495,4.791104,0
9,135,-2.986457,4.785198,0
0,136,-3.184428,4.678698,0
1,136,-3.845546,4.649434,0
2,136,-4.290067,4.693226,0
3,136,-3.052627,4.533038,0
4,136,-4.063813,4.813338,0
5,136,-2.837140,4.810359,0
6,136,-4.319445,4.432037,0
7,136,-3.535228,4.489755,0
8,136,-2.640639,4.803771,0
9,136,-2.981063,4.781956,0
0,137,-3.184575,4.693559,0
1,137,-3.825762,4.652358,0
2,137,-4.273177,4.701152,0
3,137,-3.036913,4.538645,0
4,137,-4.047484,4.802293,0
5,137,-2.826114,4.798572,0
6,137,-4.300336,4.431013,0
7,137,-3.517009,4.498004,0
8,137,-2.639387,4.803473,0
9,137,-2.975690,4.775096,0
0,138,-3.184107,4.696050,0
1,138,-3.805981,4.655309,0
2,138,-4.254744,4.706874,0
3,138,-3.019650,4.547702,0
4,138,-4.031729,4.790056,0
5,138,-2.811084,4.787842,0
6,138,-4.280755,4.432139,0
7,138,-3.498789,4.506253,0
8,138,-2.637862,4.801463,0
9,138,-2.970828,4.760937,0
0,139,-3.183939,4.704320,0
1,139,-3.786202,4.658277,0
2,139,-4.235559,4.710760,0
3,139,-3.003008,4.557826,0
4,139,-4.016284,4.777370,0
5,139,-2.793433,4.778842,0
6,139,-4.261079,4.434775,0
7,139,-3.480570,4.514503,0
8,139,-2.641597,4.809539,0
9,139,-2.969458,4.745519,0
0,140,-3.181336,4.714193,0
1,140,-3.766425,4.661255,0
2,140,-4.216085,4.713129,0
3,140,-2.992568,4.563486,0
4,140,-4.001088,4.764514,0
5,140,-2.775537,4.770648,0
6,140,-4.241460,4.438359,0
7,140,-3.462350,4.522751,0
8,140,-2.643512,4.819890,0
9,140,-2.969415,4.740735,0
0,141,-3.181100,4.715593,0
1,141,-3.746649,4.664239,0
2,141,-4.196552,4.714054,0
3,141,-2.975447,4.567037,0
4,141,-3.986491,4.752866,0
5,141,-2.764827,4.765094,0
6,141,-4.221919,4.442521,0
7,141,-3.444131,4.531001,0
8,141,-2.640703,4.837079,0
9,141,-2.976061,4.729372,0
0,142,-3.170641,4.722278,0
1,142,-3.726873,4.667227,0
2,142,-4.176980,4.713441,0
3,142,-2.957907,4.568092,0
4,142,-3.971942,4.743900,0
5,142,-2.752820,4.753922,0
6,142,-4.202443,4.447034,0
7,142,-3.425911,4.539250,0
8,142,-2.639134,4.844110,0
9,142,-2.979390,4.724406,0
0,143,-3.152924,4.729882,0
1,143,-3.707098,4.670218,0
2,143,-4.157260,4.711295,0
3,143,-2.940743,4.566121,0
4,143,-3.954168,4.737175,0
5,143,-2.743734,4.741039,0
6,143,-4.183013,4.451762,0
7,143,-3.407692,4.547499,0
8,143,-2.637379,4.846497,0
9,143,-2.986727,4.720575,0
0,144,-3.149027,4.731781,0
1,144,-3.687323,4.673210,0
2,144,-4.137523,4.708154,0
3,144,-2.922500,4.560392,0
4,144,-3.934835,4.732380,0
5,144,-2.737082,4.724591,0
6,144,-4.163613,4.456619,0
7,144,-3.389472,4.555748,0
8,144,-2.628008,4.852192,0
9,144,-2.990849,4.719597,0
0,145,-3.155171,4.731740,0
1,145,-3.667548,4.676202,0
2,145,-4.117808,4.704826,0
3,145,-2.903803,4.555345,0
4,145,-3.915355,4.727889,0
5,145,-2.733053,4.705316,0
6,145,-4.144232,4.461557,0
7,145,-3.371253,4.563997,0
8,145,-2.620939,4.854401,0
9,145,-3.001389,4.721953,0
0,146,-3.162263,4.733855,0
1,146,-3.647774,4.679196,0
2,146,-4.098101,4.701642,0
3,146,-2.884876,4.552054,0
4,146,-3.895887,4.723596,0
5,146,-2.730181,4.685614,0
6,146,-4.124864,4.466543,0
7,146,-3.353033,4.572246,0
8,146,-2.606732,4.853072,0
9,146,-3.010072,4.726724,0
0,147,-3.161055,4.732627,0
1,147,-3.627999,4.682189,0
2,147,-4.078344,4.698879,0
3,147,-2.865549,4.550738,0
4,147,-3.876480,4.719878,0
5,147,-2.728031,4.665741,0
6,147,-4.105503,4.471559,0
7,147,-3.334813,4.580495,0
8,147,-2.592561,4.848154,0
9,147,-3.016529,4.733957,0
0,148,-3.161085,4.732950,0
1,148,-3.608224,4.685184,0
2,148,-4.058666,4.696659,0
3,148,-2.860098,4.550491,0
4,148,-3.857216,4.717277,0
5,148,-2.727618,4.662175,0
6,148,-4.086147,4.476593,0
7,148,-3.316594,4.588745,0
8,148,-2.579440,4.839454,0
9,148,-3.019934,4.741977,0
0,149,-3.158138,4.721774,0
1,149,-3.588450,4.688178,0
2,149,-4.054910,4.696011,0
3,149,-2.859984,4.550379,0
4,149,-3.838163,4.716345,0
5,149,-2.729399,4.671560,0
6,149,-4.066794,4.481638,0
7,149,-3.298388,4.596988,0
8,149,-2.566831,4.825994,0
9,149,-3.020750,4.756476,0
0,150,-3.156765,4.720264,0
1,150,-3.568675,4.691172,0
2,150,-4.048376,4.693606,0
3,150,-2.854533,4.544126,0
4,150,-3.818820,4.717555,0
5,150,-2.731427,4.678255,0
6,150,-4.047471,4.486682,0
7,150,-3.287270,4.601894,0
8,150,-2.556350,4.810847,0
9,150,-3.017313,4.773885,0
0,151,-3.155852,4.724401,0
1,151,-3.548901,4.694167,0
2,151,-4.040164,4.692560,0
3,151,-2.852256,4.539700,0
4,151,-3.799315,4.720643,0
5,151,-2.728943,4.675174,0
6,151,-4.028850,4.491201,0
7,151,-3.281424,4.602989,0
8,151,-2.550505,4.799485,0
9,151,-3.010102,4.792210,0
0,152,-3.155511,4.713338,0
1,152,-3.529126,4.697161,0
2,152,-4.027004,4.695785,0
3,152,-2.848073,4.534024,0
4,152,-3.779845,4.724966,0
5,152,-2.729476,4.675048,0
6,152,-4.010819,4.493780,0
7,152,-3.276724,4.602015,0
8,152,-2.548946,4.792469,0
9,152,-3.001791,4.810045,0
0,153,-3.155474,4.709266,0
1,153,-3.509351,4.700155,0
2,153,-4.010583,4.704850,0
3,153,-2.845089,4.527522,0
4,153,-3.760461,4.729863,0
5,153,-2.717310,4.671799,0
6,153,-3.992033,4.493599,0
7,153,-3.264669,4.594038,0
8,153,-2.548239,4.793884,0
9,153,-2.993122,4.825880,0
0,154,-3.157366,4.717598,0
1,154,-3.489577,4.703150,0
2,154,-3.994197,4.713508,0
3,154,-2.845033,4.526992,0
4,154,-3.741118,4.734948,0
5,154,-2.698193,4.666843,0
6,154,-3.972420,4.490816,0
7,154,-3.252601,4.581701,0
8,154,-2.553644,4.785855,0
9,154,-2.985717,4.835921,0
0,155,-3.161061,4.725990,0
1,155,-3.469802,4.706144,0
2,155,-3.975793,4.720276,0
3,155,-2.848032,4.534273,0
4,155,-3.721782,4.740059,0
5,155,-2.685081,4.662839,0
6,155,-3.953152,4.488133,0
7,155,-3.241950,4.565515,0
8,155,-2.553768,4.784100,0
9,155,-2.975302,4.843589,0
0,156,-3.165481,4.732945,0
1,156,-3.450028,4.709139,0
2,156,-3.956660,4.725742,0
3,156,-2.852346,4.543183,0
4,156,-3.702447,4.745171,0
5,156,-2.671530,4.654507,0
6,156,-3.933488,4.486972,0
7,156,-3.232904,4.548594,0
8,156,-2.552115,4.784999,0
9,156,-2.964955,4.847435,0
0,157,-3.162311,4.730497,0
1,157,-3.430253,4.712133,0
2,157,-3.937299,4.730450,0
3,157,-2.856552,4.552012,0
4,157,-3.683111,4.750282,0
5,157,-2.660077,4.643179,0
6,157,-3.913674,4.487119,0
7,157,-3.223858,4.534311,0
8,157,-2.555459,4.784914,0
9,157,-2.950744,4.847929,0
0,158,-3.158226,4.728193,0
1,158,-3.410479,4.715127,0
2,158,-3.917773,4.734523,0
3,158,-2.860134,4.561162,0
4,158,-3.663775,4.755394,0
5,158,-2.649710,4.626955,0
6,158,-3.893849,4.488304,0
7,158,-3.216953,4.526525,0
8,158,-2.569290,4.789167,0
9,158,-2.933642,4.843927,0
0,159,-3.146775,4.727056,0
1,159,-3.390705,4.718122,0
2,159,-3.898124,4.738048,0
3,159,-2.863076,4.570590,0
4,159,-3.644440,4.760506,0
5,159,-2.640512,4.609226,0
6,159,-3.874064,4.490384,0
7,159,-3.202916,4.518756,0
8,159,-2.583887,4.797029,0
9,159,-2.916881,4.836561,0
0,160,-3.128413,4.730508,0
1,160,-3.370946,4.721040,0
2,160,-3.878387,4.741115,0
3,160,-2.865474,4.580281,0
4,160,-3.625104,4.765618,0
5,160,-2.631585,4.591400,0
6,160,-3.854345,4.493240,0
7,160,-3.184743,4.513219,0
8,160,-2.593791,4.805229,0
9,160,-2.900797,4.826293,0
0,161,-3.109251,4.736053,0
1,161,-3.351141,4.723618,0
2,161,-3.858582,4.743797,0
3,161,-2.867613,4.589751,0
4,161,-3.605768,4.770730,0
5,161,-2.623122,4.573305,0
6,161,-3.834707,4.496753,0
7,161,-3.167046,4.510088,0
8,161,-2.599366,4.808694,0
9,161,-2.885564,4.813886,0
0,162,-3.090428,4.742106,0
1,162,-3.331283,4.725797,0
2,162,-3.838730,4.746197,0
3,162,-2.870126,4.597997,0
4,162,-3.586435,4.775841,0
5,162,-2.617270,4.560212,0
6,162,-3.815150,4.500800,0
7,162,-3.151802,4.509808,0
8,162,-2.611673,4.810705,0
9,162,-2.871057,4.800200,0
0,163,-3.072095,4.747133,0
1,163,-3.311381,4.727622,0
2,163,-3.818858,4.748452,0
3,163,-2.873085,4.603823,0
4,163,-3.567097,4.780853,0
5,163,-2.607731,4.547493,0
6,163,-3.795665,4.505253,0
7,163,-3.135190,4.513529,0
8,163,-2.624147,4.809286,0
9,163,-2.857709,4.786883,0
0,164,-3.053116,4.750147,0
1,164,-3.291450,4.729152,0
2,164,-3.798990,4.750707,0
3,164,-2.866027,4.597654,0
4,164,-3.547731,4.785527,0
5,164,-2.594126,4.536064,0
6,164,-3.776235,4.509981,0
7,164,-3.117640,4.521391,0
8,164,-2.638978,4.802848,0
9,164,-2.855787,4.784265,0
0,165,-3.044178,4.750988,0
1,165,-3.271496,4.730436,0
2,165,-3.779147,4.753103,0
3,165,-2.852270,4.586576,0
4,165,-3.528303,4.789572,0
5,165,-2.577773,4.526677,0
6,165,-3.756836,4.514846,0
7,165,-3.100426,4.531384,0
8,165,-2.654740,4.791319,0
9,165,-2.849853,4.782286,0
0,166,-3.030822,4.747323,0
1,166,-3.251732,4.731546,0
2,166,-3.759344,4.755756,0
3,166,-2.847217,4.583014,0
4,166,-3.508828,4.792713,0
5,166,-2.559845,4.519252,0
6,166,-3.737442,4.519712,0
7,166,-3.083679,4.541949,0
8,166,-2.657694,4.789333,0
9,166,-2.848830,4.781370,0
0,167,-3.027004,4.746126,0
1,167,-3.232152,4.731713,0
2,167,-3.739587,4.758735,0
3,167,-2.832581,4.580849,0
4,167,-3.489367,4.794650,0
5,167,-2.541040,4.513453,0
6,167,-3.718023,4.524443,0
7,167,-3.068238,4.550866,0
8,167,-2.650241,4.794565,0
9,167,-2.838446,4.784415,0
0,168,-3.016608,4.748488,0
1,168,-3.219397,4.731018,0
2,168,-3.719878,4.762049,0
3,168,-2.813894,4.579669,0
4,168,-3.470026,4.795074,0
5,168,-2.535098,4.511680,0
6,168,-3.698555,4.528912,0
7,168,-3.051410,4.557342,0
8,168,-2.657093,4.791962,0
9,168,-2.824895,4.791567,0
0,169,-3.009911,4.749234,0
1,169,-3.203212,4.725454,0
2,169,-3.700210,4.765646,0
3,169,-2.798937,4.580502,0
4,169,-3.450751,4.793681,0
5,169,-2.521793,4.508744,0
6,169,-3.679014,4.533023,0
7,169,-3.034384,4.560879,0
8,169,-2.660218,4.790156,0
9,169,-2.823618,4.791016,0
0,170,-2.995406,4.753747,0
1,170,-3.186018,4.720659,0
2,170,-3.680572,4.769430,0
3,170,-2.788081,4.583687,0
4,170,-3.431559,4.790401,0
5,170,-2.502262,4.504436,0
6,170,-3.659389,4.536725,0
7,170,-3.016453,4.566984,0
8,170,-2.654206,4.791766,0
9,170,-2.821096,4.796157,0
0,171,-2.987536,4.757232,0
1,171,-3.182015,4.719327,0
2,171,-3.660954,4.773285,0
3,171,-2.779999,4.589235,0
4,171,-3.412548,4.785417,0
5,171,-2.482732,4.500127,0
6,171,-3.639683,4.540025,0
7,171,-2.997773,4.572154,0
8,171,-2.647261,4.791576,0
9,171,-2.818988,4.803306,0
0,172,-2.986825,4.757619,0
1,172,-3.171125,4.714613,0
2,172,-3.641322,4.776986,0
3,172,-2.769342,4.603548,0
4,172,-3.394014,4.779123,0
5,172,-2.463201,4.495819,0
6,172,-3.619913,4.542996,0
7,172,-2.979989,4.578162,0
8,172,-2.639966,4.789330,0
9,172,-2.820397,4.820127,0
0,173,-2.982325,4.763022,0
1,173,-3.164419,4.711380,0
2,173,-3.621646,4.780356,0
3,173,-2.758646,4.620443,0
4,173,-3.375909,4.771378,0
5,173,-2.443671,4.491510,0
6,173,-3.600105,4.545752,0
7,173,-2.963965,4.585893,0
8,173,-2.646622,4.794483,0
9,173,-2.822121,4.832263,0
0,174,-2.980066,4.767879,0
1,174,-3.160512,4.706680,0
2,174,-3.601908,4.783281,0
3,174,-2.749377,4.635276,0
4,174,-3.358616,4.762576,0
5,174,-2.424140,4.487202,0
6,174,-3.580284,4.548421,0
7,174,-2.949875,4.590807,0
8,174,-2.656259,4.801638,0
9,174,-2.820212,4.849951,0
0,175,-2.979427,4.781608,0
1,175,-3.153914,4.701497,0
2,175,-3.582108,4.785700,0
3,175,-2.737306,4.649151,0
4,175,-3.342265,4.752336,0
5,175,-2.404610,4.482893,0
6,175,-3.560466,4.551105,0
7,175,-2.937123,4.592044,0
8,175,-2.659038,4.804866,0
9,175,-2.819574,4.855347,0
0,176,-2.981816,4.794405,0
1,176,-3.145838,4.692002,0
2,176,-3.562252,4.787578,0
3,176,-2.734967,4.651050,0
4,176,-3.326510,4.740145,0
5,176,-2.385080,4.478585,0
6,176,-3.540658,4.553862,0
7,176,-2.924483,4.589544,0
8,176,-2.661727,4.815255,0
9,176,-2.820354,4.854077,0
0,177,-2.985463,4.801943,0
1,177,-3.135440,4.683130,0
2,177,-3.542343,4.788899,0
3,177,-2.739232,4.647056,0
4,177,-3.312308,4.728728,0
5,177,-2.365549,4.474277,0
6,177,-3.520860,4.556697,0
7,177,-2.917589,4.589051,0
8,177,-2.661128,4.830425,0
9,177,-2.814599,4.857944,0
0,178,-2.997214,4.812929,0
1,178,-3.119776,4.675742,0
2,178,-3.522388,4.789702,0
3,178,-2.733955,4.655491,0
4,178,-3.305376,4.721961,0
5,178,-2.346019,4.469968,0
6,178,-3.501068,4.559566,0
7,178,-2.920452,4.587600,0
8,178,-2.659444,4.837909,0
9,178,-2.813561,4.858774,0
0,179,-3.012644,4.822654,0
1,179,-3.100716,4.670880,0
2,179,-3.502402,4.790091,0
3,179,-2.722474,4.671670,0
4,179,-3.300732,4.712129,0
5,179,-2.326488,4.465660,0
6,179,-3.481273,4.562381,0
7,179,-2.921158,4.587362,0
8,179,-2.653332,4.846174,0
9,179,-2.804870,4.857768,0
0,180,-3.028507,4.829485,0
1,180,-3.081332,4.667216,0
2,180,-3.482404,4.790235,0
3,180,-2.720736,4.674574,0
4,180,-3.298360,4.694339,0
5,180,-2.306958,4.461351,0
6,180,-3.461520,4.565016,0
7,180,-2.908662,4.592612,0
8,180,-2.641672,4.854473,0
9,180,-2.798928,4.855534,0
0,181,-3.038129,4.834902,0
1,181,-3.069071,4.664457,0
2,181,-3.462512,4.790362,0
3,181,-2.727009,4.666955,0
4,181,-3.298342,4.674683,0
5,181,-2.287428,4.457043,0
6,181,-3.443852,4.566857,0
7,181,-2.890788,4.601441,0
8,181,-2.625048,4.860629,0
9,181,-2.788318,4.845341,0
0,182,-3.049858,4.847757,0
1,182,-3.065167,4.662797,0
2,182,-3.458028,4.790271,0
3,182,-2.723610,4.671930,0
4,182,-3.298046,4.671096,0
5,182,-2.267897,4.452734,0
6,182,-3.435281,4.566866,0
7,182,-2.880887,4.606239,0
8,182,-2.610699,4.863326,0
9,182,-2.779579,4.832317,0
0,183,-3.052561,4.850130,0
1,183,-3.055567,4.651286,0
2,183,-3.457675,4.790624,0
3,183,-2.709800,4.685521,0
4,183,-3.298564,4.677581,0
5,183,-2.248367,4.448426,0
6,183,-3.430270,4.564922,0
7,183,-2.885071,4.606457,0
8,183,-2.593284,4.862111,0
9,183,-2.774522,4.818830,0
0,184,-3.049472,4.841396,0
1,184,-3.049683,4.643095,0
2,184,-3.464823,4.790236,0
3,184,-2.694785,4.697309,0
4,184,-3.298501,4.678109,0
5,184,-2.228836,4.444118,0
6,184,-3.419324,4.554801,0
7,184,-2.879198,4.605675,0
8,184,-2.576070,4.857641,0
9,184,-2.773464,4.814080,0
0,185,-3.047649,4.832687,0
1,185,-3.049324,4.643343,0
2,185,-3.473837,4.788980,0
3,185,-2.679479,4.707755,0
4,185,-3.297740,4.677282,0
5,185,-2.209306,4.439809,0
6,185,-3.409286,4.540856,0
7,185,-2.862453,4.608349,0
8,185,-2.559431,4.850058,0
9,185,-2.776947,4.809038,0
0,186,-3.047173,4.839987,0
1,186,-3.050913,4.630963,0
2,186,-3.466701,4.788629,0
3,186,-2.662799,4.716054,0
4,186,-3.295042,4.675987,0
5,186,-2.189775,4.435501,0
6,186,-3.401827,4.524565,0
7,186,-2.844958,4.614891,0
8,186,-2.543103,4.839300,0
9,186,-2.785901,4.794919,0
0,187,-3.047